episode,epsilon,score,average_score,total_reward,average_reward
0,1.0,-0.28864023442546366,-0.28864023442546366,-209.0,-209.0
1,0.995,-0.39755812703489074,-0.3430991807301772,-209.0,-209.0
2,0.990025,-0.3546834530572876,-0.346960604839214,-209.0,-209.0
3,0.985074875,-0.42633683309809806,-0.366804661903935,-209.0,-209.0
4,0.9801495006250001,-0.2788202780159506,-0.3492077851263381,-209.0,-209.0
5,0.9752487531218751,-0.3927084094596183,-0.3564578891818848,-209.0,-209.0
6,0.9703725093562657,-0.4379990696561918,-0.368106629249643,-209.0,-209.0
7,0.9655206468094844,-0.4500109656202817,-0.3783446712959728,-209.0,-209.0
8,0.960693043575437,-0.39377996275196225,-0.3800597036799716,-209.0,-209.0
9,0.9558895783575597,-0.38870433956605394,-0.38092416726857986,-209.0,-209.0
10,0.9511101304657719,-0.4552333496900514,-0.3876795474887137,-209.0,-209.0
11,0.946354579813443,-0.4292875480074807,-0.3911468808652776,-209.0,-209.0
12,0.9416228069143757,-0.36889604073549265,-0.38943527777837106,-209.0,-209.0
13,0.9369146928798039,-0.4293680516098929,-0.3922876187663369,-209.0,-209.0
14,0.9322301194154049,-0.3778354605008234,-0.391324141548636,-209.0,-209.0
15,0.9275689688183278,-0.3677953807435396,-0.3898535939983175,-209.0,-209.0
16,0.9229311239742362,-0.4426593582387928,-0.3929598154242278,-209.0,-209.0
17,0.918316468354365,-0.4273494360228877,-0.39487034990193115,-209.0,-209.0
18,0.9137248860125932,-0.4399797846035003,-0.3972445306756979,-209.0,-209.0
19,0.9091562615825302,-0.4393504626303128,-0.3993498272734287,-209.0,-209.0
20,0.9046104802746175,-0.417478283674027,-0.4002130871020286,-209.0,-209.0
21,0.9000874278732445,-0.5224572218036132,-0.4057696386793733,-209.0,-209.0
22,0.8955869907338783,-0.2195418675301527,-0.3976727790641898,-209.0,-209.0
23,0.8911090557802088,-0.4158944408053476,-0.39843201497007136,-209.0,-209.0
24,0.8866535105013078,-0.3864351964213097,-0.3979521422281209,-209.0,-209.0
25,0.8822202429488013,-0.35705474715544394,-0.39637916549455643,-209.0,-209.0
26,0.8778091417340573,-0.40275502016236236,-0.3966153082600307,-209.0,-209.0
27,0.8734200960253871,-0.4510201519421944,-0.39855833839153654,-209.0,-209.0
28,0.8690529955452602,-0.35871999329297755,-0.3971846023536552,-209.0,-209.0
29,0.8647077305675338,-0.21872408230406357,-0.39123591835200217,-209.0,-209.0
30,0.8603841919146962,-0.4271461255681486,-0.39239431213316817,-209.0,-209.0
31,0.8560822709551227,-0.47189006039301923,-0.3948785542662885,-209.0,-209.0
32,0.851801859600347,-0.4081417663352001,-0.3952804697835282,-209.0,-209.0
33,0.8475428503023453,-0.4126827354564472,-0.3957923011268494,-209.0,-209.0
34,0.8433051360508336,-0.43502496300199134,-0.396913234323282,-209.0,-209.0
35,0.8390886103705794,-0.32933128461849115,-0.3950359579425934,-209.0,-209.0
36,0.8348931673187264,-0.3988426836676496,-0.39513884242164893,-209.0,-209.0
37,0.8307187014821328,-0.2831985582878251,-0.39219304547075884,-209.0,-209.0
38,0.8265651079747222,-0.39266452729743634,-0.39220513474836594,-209.0,-209.0
39,0.8224322824348486,-0.31407661351708105,-0.3902519217175838,-209.0,-209.0
40,0.8183201210226743,-0.39883197779212587,-0.39046119137793855,-209.0,-209.0
41,0.8142285204175609,-0.4380688770231709,-0.391594707702825,-209.0,-209.0
42,0.810157377815473,-0.3000065944921046,-0.3894647515816454,-209.0,-209.0
43,0.8061065909263957,-0.22119733407264208,-0.38564049209280443,-209.0,-209.0
44,0.8020760579717637,-0.4387952393687721,-0.38682170869893706,-209.0,-209.0
45,0.798065677681905,-0.3637301993998212,-0.38631971936634757,-209.0,-209.0
46,0.7940753492934954,-0.45670509961056366,-0.3878172806481394,-209.0,-209.0
47,0.7901049725470279,-0.30739512548497416,-0.3861418190822401,-209.0,-209.0
48,0.7861544476842928,-0.41755131044742855,-0.3867828291101011,-209.0,-209.0
49,0.7822236754458713,-0.3783316134766407,-0.38661380479743185,-209.0,-209.0
50,0.778312557068642,-0.3480153103296078,-0.3858569715725726,-209.0,-209.0
51,0.7744209942832988,-0.3980599317217557,-0.3860916438831338,-209.0,-209.0
52,0.7705488893118823,-0.37386259698802693,-0.3858609071492638,-209.0,-209.0
53,0.7666961448653229,-0.4260371785416757,-0.3866049121750492,-209.0,-209.0
54,0.7628626641409962,-0.4423522733227211,-0.3876185005595524,-209.0,-209.0
55,0.7590483508202912,-0.32476486891778156,-0.38649611428023506,-209.0,-209.0
56,0.7552531090661897,-0.4169098630184567,-0.3870296888195021,-209.0,-209.0
57,0.7514768435208588,-0.4435502938889958,-0.38800418201035547,-209.0,-209.0
58,0.7477194593032545,-0.4922158119534065,-0.38977048082294957,-209.0,-209.0
59,0.7439808620067382,-0.0050962564251350265,-0.38335924374965263,-209.0,-209.0
60,0.7402609576967045,-0.4467113035890757,-0.38439780210767593,-209.0,-209.0
61,0.736559652908221,-0.28542586469343983,-0.3828014805364786,-209.0,-209.0
62,0.7328768546436799,-0.4909013262427524,-0.38451735110324486,-209.0,-209.0
63,0.7292124703704616,-0.42512776457538715,-0.38515188881374707,-209.0,-209.0
64,0.7255664080186093,-0.5025497650332135,-0.3869580099863542,-209.0,-209.0
65,0.7219385759785162,-0.3230979772350682,-0.3859904337325469,-209.0,-209.0
66,0.7183288830986236,-0.4451841692885319,-0.38687392232293466,-209.0,-209.0
67,0.7147372386831305,-0.31231291550084417,-0.38577743692849215,-209.0,-209.0
68,0.7111635524897149,-0.4833569271924077,-0.3871916324395634,-209.0,-209.0
69,0.7076077347272662,-0.42331546089187844,-0.3877076871317393,-209.0,-209.0
70,0.7040696960536299,-0.34695130557339543,-0.38713365358866403,-209.0,-209.0
71,0.7005493475733617,-0.39477771188569893,-0.38723982106501176,-209.0,-209.0
72,0.697046600835495,-0.17901385784237014,-0.38438741060990705,-209.0,-209.0
73,0.6935613678313175,-0.18487315338111615,-0.38169127199870717,-209.0,-209.0
74,0.6900935609921609,-0.022901614569639704,-0.376907409899653,-209.0,-209.0
75,0.6866430931872001,-0.38737532698417515,-0.3770451456507651,-209.0,-209.0
76,0.6832098777212641,-0.14096448256126187,-0.3739791630132391,-209.0,-209.0
77,0.6797938283326578,-0.16459432592583284,-0.371294742024939,-209.0,-209.0
78,0.6763948591909945,-0.42215431733503617,-0.37193853411747185,-209.0,-209.0
79,0.6730128848950395,-0.36358828955831307,-0.37183415606048237,-209.0,-209.0
80,0.6696478204705644,-0.4824929414545185,-0.37320031390485314,-209.0,-209.0
81,0.6662995813682115,-0.36782166544168715,-0.37313472063091213,-209.0,-209.0
82,0.6629680834613705,-0.3479525985851439,-0.3728313215701197,-209.0,-209.0
83,0.6596532430440636,0.08514241901207957,-0.3673792532298555,-209.0,-209.0
84,0.6563549768288433,-0.38109903655994126,-0.36754066244550354,-209.0,-209.0
85,0.653073201944699,-0.22707651226892278,-0.3659073583736828,-209.0,-209.0
86,0.6498078359349755,0.051687682084968045,-0.36110741537990526,-209.0,-209.0
87,0.6465587967553006,0.27902590239605873,-0.3538331731324511,-209.0,-209.0
88,0.6433260027715241,0.2014644639890663,-0.34759387383895096,-209.0,-209.0
89,0.6401093727576664,-0.40955407531640775,-0.3482823205220338,-209.0,-209.0
90,0.6369088258938781,-0.41244558013595295,-0.3489874112870219,-209.0,-209.0
91,0.6337242817644086,-0.052721422783477294,-0.3457671288032877,-209.0,-209.0
92,0.6305556603555866,0.11167086825122363,-0.34084844066291664,-209.0,-209.0
93,0.6274028820538087,0.06650151846756294,-0.3365149304594009,-209.0,-209.0
94,0.6242658676435396,-0.05360917775059831,-0.33353697516772923,-209.0,-209.0
95,0.6211445383053219,0.003114496525212446,-0.3300301890042611,-209.0,-209.0
96,0.6180388156137953,-0.1522981604171652,-0.32819790004975496,-209.0,-209.0
97,0.6149486215357263,-0.4352333647529267,-0.3292900986691751,-209.0,-209.0
98,0.6118738784280476,-0.44013331269856837,-0.3304097270937144,-209.0,-209.0
99,0.6088145090359074,-0.3687857038054085,-0.3307934868608314,-209.0,-209.0
100,0.6057704364907278,0.14103244210903285,-0.32612194300964464,-209.0,-209.0
101,0.6027415843082742,-0.03311954256217553,-0.3232493704562381,-209.0,-209.0
102,0.5997278763867329,-0.36946907114824645,-0.3236981054144129,-209.0,-209.0
103,0.5967292370047992,0.3414775410916537,-0.3173021857364699,-209.0,-209.0
104,0.5937455908197752,0.028267909082465095,-0.3140110419762896,-209.0,-209.0
105,0.5907768628656763,-0.3754334186931975,-0.31459049836041136,-209.0,-209.0
106,0.5878229785513479,0.5056689272573575,-0.30692452242005835,-179.0,-208.7196261682243
107,0.5848838636585911,-0.011221173943243734,-0.3041865284526804,-209.0,-208.72222222222223
108,0.5819594443402982,0.12527137970216698,-0.30024654764392034,-209.0,-208.72477064220183
109,0.5790496471185967,-0.25707728144693404,-0.29985409976940225,-209.0,-208.72727272727272
110,0.5761543988830038,-0.49442009771048606,-0.3016069465977003,-209.0,-208.72972972972974
111,0.5732736268885887,-0.5160011754987331,-0.3035211807843167,-209.0,-208.73214285714286
112,0.5704072587541458,-0.3409632728773884,-0.303852526732043,-209.0,-208.73451327433628
113,0.567555222460375,0.2951329114026691,-0.29859826850279114,-209.0,-208.73684210526315
114,0.5647174463480732,0.38872866895831304,-0.2926215125248685,-209.0,-208.7391304347826
115,0.5618938591163328,-0.14401241093066855,-0.29134039958009095,-209.0,-208.74137931034483
116,0.5590843898207511,0.2724096311772348,-0.28652202324883175,-209.0,-208.74358974358975
117,0.5562889678716474,-0.3617750078146186,-0.287159760406169,-209.0,-208.74576271186442
118,0.5535075230322891,-0.18115576296307712,-0.2862689705116892,-209.0,-208.74789915966386
119,0.5507399854171277,-0.4767085013748932,-0.2878559666022159,-209.0,-208.75
120,0.547986285490042,0.4182177193737028,-0.2820206468834067,-209.0,-208.7520661157025
121,0.5452463540625918,0.07386505775485151,-0.27910355094374883,-209.0,-208.75409836065575
122,0.5425201222922789,0.08898886518668217,-0.2761109296743957,-209.0,-208.7560975609756
123,0.5398075216808175,-0.2867868480923522,-0.27619702579066957,-209.0,-208.75806451612902
124,0.5371084840724134,-0.44352965498885955,-0.2775356868242551,-209.0,-208.76
125,0.5344229416520513,0.346048859171472,-0.2725866031258763,-209.0,-208.76190476190476
126,0.531750826943791,-0.024954362993190468,-0.2706367429673512,-209.0,-208.76377952755905
127,0.5290920728090721,-0.49230991194736234,-0.2723685646000075,-209.0,-208.765625
128,0.5264466124450268,-0.5197811547008911,-0.27428649165505314,-209.0,-208.7674418604651
129,0.5238143793828016,0.5079053768197407,-0.26826963112832397,-165.0,-208.43076923076924
130,0.5211953074858876,0.3247538164232785,-0.26374273458212855,-209.0,-208.4351145038168
131,0.5185893309484582,-0.050608053563040246,-0.2621280779077415,-209.0,-208.43939393939394
132,0.5159963842937159,-0.021043816235458472,-0.26031541428614535,-209.0,-208.4436090225564
133,0.5134164023722473,0.38540700404117095,-0.25549659026877736,-209.0,-208.44776119402985
134,0.510849320360386,0.08964938968553793,-0.25293995338022685,-209.0,-208.45185185185184
135,0.5082950737585841,0.16252231595501734,-0.2498850837527618,-209.0,-208.4558823529412
136,0.5057535983897912,0.008897753032050877,-0.24799615793681426,-209.0,-208.45985401459853
137,0.5032248303978422,0.5055143922652655,-0.2425359365585383,-175.0,-208.2173913043478
138,0.500708706245853,0.28261918470983177,-0.23875784216092413,-209.0,-208.22302158273382
139,0.4982051627146237,0.1825550235671285,-0.23574846454858092,-209.0,-208.22857142857143
140,0.49571413690105054,0.0459184766300957,-0.2337508266678811,-209.0,-208.2340425531915
141,0.4932355662165453,-0.3868848485041551,-0.2348292352723619,-209.0,-208.2394366197183
142,0.4907693883854626,-0.4464317399240981,-0.2363089730671293,-209.0,-208.24475524475525
143,0.4883155414435353,0.5098476504220607,-0.23112732984845438,-168.0,-207.96527777777777
144,0.4858739637363176,-0.43026066605756497,-0.23250066320162066,-209.0,-207.97241379310344
145,0.483444593917636,-0.5195599221628968,-0.23446682250957462,-209.0,-207.9794520547945
146,0.4810273709480478,0.135308375551599,-0.23195134497174347,-209.0,-207.98639455782313
147,0.47862223409330756,-0.49759932968480797,-0.23374626378737232,-209.0,-207.99324324324326
148,0.47622912292284103,-0.10895863943497167,-0.23290876295279245,-209.0,-208.0
149,0.4738479773082268,0.5244063427193101,-0.2278599955816451,-182.0,-207.82666666666665
150,0.47147873742168567,0.09538513375300395,-0.22571929936088583,-209.0,-207.83443708609272
151,0.46912134373457726,0.5041970049160749,-0.22091721841169532,-207.0,-207.82894736842104
152,0.46677573701590436,-0.2771884638165518,-0.2212850043293741,-209.0,-207.83660130718954
153,0.46444185833082485,-0.1921563926940834,-0.2210958575005735,-209.0,-207.84415584415584
154,0.46211964903917074,0.20338567742380467,-0.2183572669526743,-209.0,-207.8516129032258
155,0.4598090507939749,0.15472325320442148,-0.21596572515679546,-209.0,-207.85897435897436
156,0.457510005540005,0.3313648348761296,-0.21247954324575774,-209.0,-207.86624203821657
157,0.45522245551230495,0.24424624083693036,-0.20958887372624707,-209.0,-207.873417721519
158,0.4529463432347434,0.51326229224252,-0.2050426399780158,-197.0,-207.80503144654088
159,0.4506816115185697,0.525205737641635,-0.200478587617893,-208.0,-207.80625
160,0.4484282034609769,0.5055617366102136,-0.196093243989147,-201.0,-207.7639751552795
161,0.446186062443672,0.20874670861961137,-0.1935942319360065,-209.0,-207.7716049382716
162,0.4439551321314536,0.03674073326527396,-0.19218113398998637,-209.0,-207.77914110429447
163,0.4417353564707963,0.38558868122826095,-0.18865814731182634,-209.0,-207.78658536585365
164,0.43952667968844233,0.21125455180443686,-0.18623443398384898,-209.0,-207.79393939393938
165,0.43732904629000013,-0.45843526592221234,-0.18787419803167046,-209.0,-207.8012048192771
166,0.4351424010585501,0.25778274053622674,-0.18520559360910818,-209.0,-207.80838323353294
167,0.43296668905325736,0.5103115837648804,-0.1810656104104535,-172.0,-207.5952380952381
168,0.43080185560799106,0.0208141327433704,-0.17987105571723558,-209.0,-207.60355029585799
169,0.4286478463299511,-0.49806397920855133,-0.18174277879659628,-209.0,-207.61176470588236
170,0.42650460709830135,-0.2793476808079673,-0.18231356769724755,-209.0,-207.61988304093566
171,0.42437208406280985,0.46998570812160967,-0.17852113004713793,-209.0,-207.62790697674419
172,0.4222502236424958,0.5199409240233901,-0.17448377713343544,-170.0,-207.41040462427745
173,0.42013897252428334,-0.3483765443293828,-0.1754831608529524,-209.0,-207.41954022988506
174,0.4180382776616619,0.1992663818130392,-0.17334173489486102,-209.0,-207.42857142857142
175,0.4159480862733536,0.4261859216012326,-0.16993532775567866,-209.0,-207.4375
176,0.41386834584198684,-0.3478569925352368,-0.1709405349013259,-209.0,-207.4463276836158
177,0.4117990041127769,0.3240265949271185,-0.16815982068880653,-209.0,-207.45505617977528
178,0.40974000909221303,0.5194927596759364,-0.1643181861616292,-175.0,-207.27374301675977
179,0.40769130904675194,0.5242889035444639,-0.16049259121881757,-165.0,-207.0388888888889
180,0.40565285250151817,0.5015746648419679,-0.15683476107483535,-184.0,-206.91160220994476
181,0.4036245882390106,0.5167850411156102,-0.15313355337049223,-169.0,-206.7032967032967
182,0.4016064652978155,-0.40935972445079966,-0.15453369638186001,-209.0,-206.71584699453553
183,0.3995984329713264,0.508414076952338,-0.1509307193528698,-194.0,-206.64673913043478
184,0.3976004408064698,-0.2836854692931697,-0.15164831259579034,-209.0,-206.65945945945947
185,0.39561243860243744,-0.3543749663206516,-0.15273824084162294,-209.0,-206.6720430107527
186,0.3936343764094253,0.5030621741486297,-0.14923128675076597,-188.0,-206.57219251336898
187,0.39166620452737816,0.5207470745364379,-0.14566757206306807,-170.0,-206.37765957446808
188,0.3897078735047413,0.5235958978333406,-0.1421264955027696,-177.0,-206.22222222222223
189,0.3877593341372176,-0.519848066983918,-0.144114503773723,-209.0,-206.23684210526315
190,0.3858205374665315,0.5025468888989357,-0.14072884203198133,-171.0,-206.0523560209424
191,0.38389143477919885,0.30172016539649743,-0.13842442011829134,-209.0,-206.06770833333334
192,0.3819719776053028,0.1018875132336043,-0.13717928056724527,-209.0,-206.08290155440415
193,0.3800621177172763,0.5058382066775258,-0.13386475743711757,-174.0,-205.91752577319588
194,0.37816180712868996,0.5181265095758427,-0.13052121247807674,-209.0,-205.93333333333334
195,0.37627099809304654,0.5030579308743552,-0.12728866582831944,-173.0,-205.76530612244898
196,0.3743896431025813,0.377334274988363,-0.12472712805767638,-209.0,-205.78172588832487
197,0.37251769488706843,-0.250150839183101,-0.12536058114416843,-209.0,-205.7979797979798
198,0.3706551064126331,0.5319043607725626,-0.12205774224006424,-176.0,-205.64824120603015
199,0.36880183088056995,0.5055644323747732,-0.11891963136699006,-180.0,-205.52
200,0.3669578217261671,-0.38737387162862597,-0.12025522460212258,-209.0,-205.53731343283582
201,0.36512303261753626,-0.4046630954826458,-0.12166318435895686,-209.0,-205.55445544554456
202,0.3632974174544486,0.08875434511950997,-0.12062664480487573,-209.0,-205.57142857142858
203,0.3614809303671764,0.5272690366223033,-0.11745068558219347,-166.0,-205.37745098039215
204,0.3596735257153405,0.5173588120959578,-0.11435405388620251,-136.0,-205.0390243902439
205,0.3578751580867638,0.5157001419492144,-0.11129553837243834,-169.0,-204.8640776699029
206,0.35608578229633,0.5207048241664712,-0.10824239652442429,-173.0,-204.71014492753622
207,0.3543053533848483,-0.5371027373218559,-0.1103042250859504,-209.0,-204.73076923076923
208,0.35253382661792404,0.5262417459137835,-0.10725855058355933,-180.0,-204.61244019138755
209,0.3507711574848344,0.5198139038992576,-0.10427249127649829,-145.0,-204.32857142857142
210,0.34901730169741024,0.519662239335096,-0.10131545463852865,-207.0,-204.34123222748815
211,0.3472722151889232,0.15469665781038955,-0.10010785033452431,-209.0,-204.36320754716982
212,0.3455358541129786,0.5257765877484836,-0.0971694257425853,-169.0,-204.19718309859155
213,0.3438081748424137,0.5028900625325755,-0.09436540944223408,-165.0,-204.01401869158877
214,0.3420891339682016,0.5003904955831036,-0.0915991029072325,-168.0,-203.84651162790698
215,0.3403786882983606,-0.3864711976694865,-0.09296425149409479,-209.0,-203.87037037037038
216,0.3386767948568688,0.528599108138684,-0.09009990421468106,-176.0,-203.74193548387098
217,0.33698341088258443,0.1531922976876676,-0.08898388493989964,-209.0,-203.76605504587155
218,0.3352984938281715,0.5292889005333892,-0.08616072153591203,-173.0,-203.6255707762557
219,0.33362200135903064,0.5231489276211452,-0.08339113222156178,-158.0,-203.4181818181818
220,0.33195389135223546,-0.31197224959343056,-0.08442543592007702,-209.0,-203.44343891402715
221,0.3302941218954743,-0.35537045662997463,-0.08564590898633782,-209.0,-203.46846846846847
222,0.32864265128599696,0.5183380648000252,-0.08293746067339448,-165.0,-203.29596412556054
223,0.326999438029567,0.5292052231863044,-0.0802046808347351,-166.0,-203.12946428571428
224,0.3253644408394192,0.38705205207989607,-0.07812798424400341,-209.0,-203.15555555555557
225,0.3237376186352221,0.5030973853293312,-0.07555619057332495,-169.0,-203.00442477876106
226,0.322118930542046,0.5060304614258455,-0.07299413483764579,-164.0,-202.83259911894274
227,0.32050833588933575,0.5022851468447888,-0.07047098009342459,-164.0,-202.66228070175438
228,0.31890579420988907,-0.5238014970373798,-0.07245058933772133,-209.0,-202.68995633187774
229,0.3173112652388396,-0.4560506063210126,-0.07411841549851826,-209.0,-202.7173913043478
230,0.3157247089126454,0.5190723492564083,-0.07155049010996879,-169.0,-202.57142857142858
231,0.3141460853680822,-0.33583501729996423,-0.07268964755475325,-209.0,-202.59913793103448
232,0.3125753549412418,0.3061468473740848,-0.07106373985119602,-209.0,-202.62660944206007
233,0.31101247816653554,0.5150848564866353,-0.06855883131983777,-204.0,-202.63247863247864
234,0.30945741577570285,0.5267912243768768,-0.06602542682751132,-159.0,-202.4468085106383
235,0.3079101286968243,-0.01928092477324507,-0.06582735690355256,-209.0,-202.47457627118644
236,0.3063705780533402,0.5159696798123244,-0.06337251708618599,-201.0,-202.46835443037975
237,0.30483872516307353,0.5230959467061631,-0.060908363876974445,-172.0,-202.3403361344538
238,0.3033145315372582,-0.5083175806378065,-0.06278036896802394,-209.0,-202.36820083682008
239,0.3017979588795719,-0.5444750429260137,-0.06478743010951557,-209.0,-202.39583333333334
240,0.30028896908517405,-0.3147188589337471,-0.06582448998015553,-209.0,-202.4232365145228
241,0.2987875242397482,0.5213094190309089,-0.06339831680242386,-166.0,-202.27272727272728
242,0.29729358661854943,-0.554153266861476,-0.06541788449814012,-209.0,-202.30041152263374
243,0.29580711868545667,0.5344958931496143,-0.0629592214749936,-156.0,-202.11065573770492
244,0.2943280830920294,0.5313231110898752,-0.06053357930125943,-159.0,-201.934693877551
245,0.29285644267656924,-0.013553395888757074,-0.060342602945924056,-209.0,-201.96341463414635
246,0.2913921604631864,0.5077006629244515,-0.05804283263875654,-154.0,-201.76923076923077
247,0.28993519966087045,0.5278431333691811,-0.055680389227434214,-163.0,-201.61290322580646
248,0.2884855236625661,0.5083334704981463,-0.053415273324921846,-157.0,-201.43373493975903
249,0.28704309604425327,0.10520097736053058,-0.05278080832218004,-209.0,-201.464
250,0.285607880564032,0.5270429534750265,-0.05047075349430272,-200.0,-201.4581673306773
251,0.28417984116121187,0.5034002428388767,-0.0482728527152028,-156.0,-201.27777777777777
252,0.2827589419554058,0.517816375241611,-0.046035345885333964,-129.0,-200.9920948616601
253,0.28134514724562876,-0.5363637905204318,-0.04796577283271624,-209.0,-201.0236220472441
254,0.2799384215094006,0.5385988749145105,-0.04566551931213888,-156.0,-200.8470588235294
255,0.27853872940185365,0.24857584465798627,-0.04451613898413057,-209.0,-200.87890625
256,0.27714603575484437,0.5411859295549318,-0.0422371426084922,-173.0,-200.7704280155642
257,0.2757603055760701,0.5349914494582843,-0.03999982248420237,-196.0,-200.75193798449612
258,0.2743815040481898,0.16892423342097093,-0.03919316589769591,-209.0,-200.78378378378378
259,0.2730095965279488,-0.49162170295229607,-0.04093327565559822,-209.0,-200.8153846153846
260,0.27164454854530906,0.5153580388403548,-0.038801891308870434,-205.0,-200.83141762452107
261,0.2702863258025825,0.5163542687367576,-0.03668297466747491,-180.0,-200.75190839694656
262,0.2689348941735696,0.5280775877427855,-0.03453559610317734,-173.0,-200.64638783269962
263,0.26759021970270175,0.15717413877994207,-0.03380942286498371,-209.0,-200.6780303030303
264,0.2662522686041882,0.3055823300158462,-0.03252869926920699,-209.0,-200.70943396226414
265,0.2649210072611673,0.5484755140664749,-0.030344472903283373,-209.0,-200.7406015037594
266,0.26359640222486147,0.5149320969781833,-0.02830223855915803,-133.0,-200.4868913857678
267,0.26227842021373715,0.5316770430350669,-0.026212763627836293,-170.0,-200.37313432835822
268,0.2609670281126685,0.5251255243684987,-0.02416317891409527,-172.0,-200.26765799256506
269,0.25966219297210513,0.5149963342775009,-0.022166291828200468,-167.0,-200.14444444444445
270,0.2583638820072446,0.5111705612591086,-0.020198259159981618,-140.0,-199.92250922509226
271,0.2570720625972084,0.5002264184648758,-0.018284933139301993,-134.0,-199.68014705882354
272,0.25578670228422234,0.510781017104898,-0.016346962625586978,-172.0,-199.57875457875457
273,0.25450776877280124,0.5320114230783082,-0.014345654648565463,-128.0,-199.3175182481752
274,0.2532352299289372,0.5170049784569275,-0.012413470528181852,-130.0,-199.06545454545454
275,0.2519690537792925,-0.5822952357161093,-0.014478259532485938,-209.0,-199.1014492753623
276,0.2507092085103961,0.5204601215300408,-0.012547074041285479,-133.0,-198.86281588447653
277,0.2494556624678441,0.5249961462170868,-0.010613465335320111,-163.0,-198.73381294964028
278,0.24820838415550486,0.06132747133211665,-0.010355612515723563,-209.0,-198.7706093189964
279,0.24696734223472733,0.5187862630162964,-0.008465820103109208,-174.0,-198.68214285714285
280,0.2457325055235537,0.5302436975247793,-0.006548704382013519,-173.0,-198.59074733096085
281,0.24450384299593592,0.5033907046370221,-0.004740408605350271,-138.0,-198.3758865248227
282,0.24328132378095624,0.5280547534460371,-0.00285774018820756,-161.0,-198.24381625441697
283,0.24206491716205145,0.06997619757438016,-0.0026012826608745048,-209.0,-198.28169014084506
284,0.2408545925762412,-0.34322006975804736,-0.0037964362998119533,-209.0,-198.31929824561402
285,0.23965031961336,-0.5523360291144629,-0.005714406904058985,-209.0,-198.35664335664336
286,0.2384520680152932,0.5034429682162266,-0.0039403393949290705,-148.0,-198.18118466898954
287,0.23725980767521673,0.5237406009109034,-0.002108113907756041,-159.0,-198.04513888888889
288,0.23607350863684065,0.521647360146625,-0.00029581122936717916,-195.0,-198.03460207612457
289,0.23489314109365644,0.501987515948444,0.001436200243659756,-165.0,-197.92068965517242
290,0.23371867538818816,-0.0028526682381701932,0.0014214618639971101,-209.0,-197.95876288659792
291,0.23255008201124722,-0.48920303618028516,-0.0002587590197161853,-209.0,-197.99657534246575
292,0.231387331601191,0.3388612579611122,0.0008986471815835704,-209.0,-198.03412969283278
293,0.23023039494318503,0.5288107353382908,0.0026942665290553636,-207.0,-198.06462585034015
294,0.2290792429684691,0.5144865104920829,0.004429155491641898,-122.0,-197.80677966101695
295,0.22793384675362674,0.5277148288529387,0.006197012496240874,-124.0,-197.55743243243242
296,0.22679417751985861,0.5265308378162314,0.007948978238059025,-197.0,-197.55555555555554
297,0.22566020663225933,0.5230748621446342,0.009677588586738806,-167.0,-197.45302013422818
298,0.22453190559909803,0.5174058177513507,0.011375676309697375,-167.0,-197.35117056856188
299,0.22340924607110255,0.5050273998640378,0.013021182054878509,-195.0,-197.34333333333333
300,0.22229219984074702,0.5346192731146496,0.014754066078332897,-153.0,-197.19601328903656
301,0.2211807388415433,0.5055486772544873,0.016379213797459234,-205.0,-197.22185430463577
302,0.22007483514733558,0.5101394936838866,0.018008785678272528,-162.0,-197.1056105610561
303,0.2189744609715989,0.5260109259950889,0.019679845350367316,-166.0,-197.00328947368422
304,0.2178795886667409,0.5109461829468268,0.021290554653962266,-159.0,-196.87868852459016
305,0.2167901907234072,-0.32757386229347724,0.020150474860016386,-209.0,-196.91830065359477
306,0.21570623976979014,0.5157350006866639,0.02176475670309993,-163.0,-196.80781758957656
307,0.21462770857094118,0.5239657596833174,0.023395279440048686,-171.0,-196.72402597402598
308,0.21355457002808648,0.5159373356707436,0.024989266677041228,-180.0,-196.66990291262135
309,0.21248679717794605,0.521901767833786,0.02659221022915976,-160.0,-196.55161290322582
310,0.21142436319205632,-0.3132745227644993,0.02549939115200973,-209.0,-196.59163987138263
311,0.21036724137609603,-0.012200747438647356,0.025378557374475575,-209.0,-196.63141025641025
312,0.20931540516921554,0.5383326261646412,0.027017388265178976,-162.0,-196.52076677316293
313,0.20826882814336947,0.5195400934065562,0.02858593191212604,-161.0,-196.40764331210192
314,0.20722748400265262,-0.5220221424073226,0.026837969771429375,-209.0,-196.44761904761904
315,0.20619134658263935,0.5304505450997368,0.028431680452848065,-209.0,-196.4873417721519
316,0.20516038984972615,-0.553200104346547,0.02659687986988467,-209.0,-196.52681388012618
317,0.2041345879004775,0.5103851907238878,0.02811822675936267,-162.0,-196.4182389937107
318,0.2031139149609751,0.5028508783285702,0.029606416889673665,-181.0,-196.36990595611286
319,0.20209834538617025,0.5010934217668029,0.031079813779914693,-171.0,-196.290625
320,0.2010878536592394,0.5221257800897596,0.03260955199271795,-157.0,-196.16822429906543
321,0.2000824143909432,0.5175769415816611,0.03411566189827367,-152.0,-196.0310559006211
322,0.19908200231898848,0.5225301454323321,0.03562778104234197,-154.0,-195.90092879256966
323,0.19808659230739353,-0.2978836894321795,0.0345984246519885,-209.0,-195.94135802469137
324,0.19709615934585656,0.5029013248287928,0.036039356652532516,-168.0,-195.85538461538462
325,0.19611067854912728,0.5037155534561342,0.03747394621327976,-157.0,-195.7361963190184
326,0.19513012515638165,0.5142883888442901,0.03893209435588224,-167.0,-195.64831804281346
327,0.19415447453059972,0.5353414272830278,0.04044553744407475,-158.0,-195.53353658536585
328,0.19318370215794672,0.520897034222661,0.0419058763400583,-194.0,-195.52887537993922
329,0.192217783647157,0.4959697673119623,0.043281827524821646,-209.0,-195.56969696969696
330,0.1912566947289212,-0.553700579617353,0.041478255297806015,-209.0,-195.61027190332325
331,0.1903004112552766,0.5100773287251059,0.04288969829005692,-165.0,-195.51807228915663
332,0.18934890919900021,0.5180000911875714,0.0443164562266861,-164.0,-195.42342342342343
333,0.18840216465300522,0.5330458745200374,0.045779717958103316,-158.0,-195.311377245509
334,0.18746015382974018,0.5289133118591508,0.04722190779064376,-157.0,-195.19701492537314
335,0.1865228530605915,0.31268299474163924,0.048011970549426485,-209.0,-195.23809523809524
336,0.18559023879528855,0.5182676802443499,0.0494073880856132,-158.0,-195.12759643916914
337,0.1846622876013121,0.5358248474345598,0.05084649299492961,-207.0,-195.16272189349112
338,0.18373897616330553,0.5165571076899584,0.052220270619398726,-163.0,-195.06784660766962
339,0.182820281282489,0.519748530700786,0.053595353737285155,-128.0,-194.87058823529412
340,0.18190617987607657,0.525578560601186,0.05497946871342563,-160.0,-194.7683284457478
341,0.18099664897669618,0.5193652403575096,0.05633732184688786,-156.0,-194.6549707602339
342,0.1800916657318127,0.5086545573510592,0.05765603098829943,-174.0,-194.59475218658892
343,0.17919120740315364,0.5066315418065314,0.05896119235695708,-206.0,-194.62790697674419
344,0.17829525136613786,0.5262031143033361,0.06031551676839586,-166.0,-194.54492753623188
345,0.17740377510930716,0.21210252770473229,0.060754207551448856,-209.0,-194.58670520231215
346,0.17651675623376062,0.5434974249622456,0.06214539837972205,-161.0,-194.48991354466858
347,0.1756341724525918,0.5282074203362167,0.06348465706350508,-164.0,-194.4022988505747
348,0.17475600159032884,-0.5320357720067365,0.06177829480255883,-209.0,-194.44412607449857
349,0.17388222158237718,-0.5369061360488651,0.06006776785726904,-209.0,-194.4857142857143
350,0.1730128104744653,0.5327854779224,0.0614145419600187,-156.0,-194.3760683760684
351,0.17214774642209296,-0.5444767302947923,0.05969325993656753,-209.0,-194.41761363636363
352,0.1712870076899825,0.5210649510890301,0.06100026189450652,-204.0,-194.44475920679886
353,0.17043057265153258,0.05474047104460002,0.06098257886950678,-209.0,-194.4858757062147
354,0.16957841978827493,0.5063119039503764,0.06223702767255148,-202.0,-194.50704225352112
355,0.16873052768933355,0.5182601484554153,0.06351799149497525,-150.0,-194.38202247191012
356,0.1678868750508869,0.5168027180648701,0.06478769661141753,-128.0,-194.19607843137254
357,0.16704744067563246,0.5373338616818636,0.06610765796636292,-152.0,-194.0782122905028
358,0.1662122034722543,0.5102548788293184,0.06734483685456057,-194.0,-194.07799442896936
359,0.16538114245489302,0.522073239812385,0.06860797130722118,-164.0,-193.99444444444444
360,0.16455423674261854,-0.3786066232776443,0.06736914971557337,-209.0,-194.0360110803324
361,0.16373146555890544,0.5306953162451135,0.06864905625294779,-200.0,-194.05248618784532
362,0.16291280823111093,-0.45141525206853944,0.06721637220798501,-209.0,-194.09366391184574
363,0.16209824418995536,0.5329586101078991,0.0684958838505672,-158.0,-193.9945054945055
364,0.16128775296900558,0.30782325359544915,0.06915157527452577,-209.0,-194.03561643835616
365,0.16048131420416054,0.50511459851411,0.0703427310757268,-159.0,-193.9398907103825
366,0.15967890763313974,0.5352314624879818,0.07160945786431606,-164.0,-193.858310626703
367,0.15888051309497406,0.5017770718286634,0.07277839159791483,-136.0,-193.70108695652175
368,0.1580861105294992,0.5094975025413376,0.07396191222377776,-126.0,-193.51761517615176
369,0.1572956799768517,0.5461210545971265,0.075238018013976,-160.0,-193.42702702702704
370,0.15650920157696743,0.503328752009609,0.07639190139401814,-126.0,-193.24528301886792
371,0.1557266555690826,0.5339087595185384,0.07762178542123459,-159.0,-193.15322580645162
372,0.1549480222912372,0.5080480653116699,0.07877574327616874,-161.0,-193.0670241286863
373,0.15417328217978102,0.5249114616302799,0.07996861952845244,-163.0,-192.9866310160428
374,0.1534024157688821,0.5383125045767456,0.08119086988858122,-161.0,-192.90133333333333
375,0.1526354036900377,0.5024538948525578,0.08231125027412371,-159.0,-192.81117021276594
376,0.1518722266715875,0.5178375341097742,0.08346649240631376,-129.0,-192.6419098143236
377,0.15111286553822956,0.5078769149041906,0.08458927130181079,-165.0,-192.56878306878306
378,0.15035730121053842,0.5093700041656452,0.0857100647922167,-127.0,-192.3957783641161
379,0.14960551470448571,-0.5297731965157085,0.0840903719993011,-209.0,-192.43947368421053
380,0.14885748713096328,-0.3617359651795101,0.08292022413269005,-209.0,-192.48293963254594
381,0.14811319969530845,0.5098269960601877,0.08403778112726466,-167.0,-192.41623036649216
382,0.1473726336968319,0.5203971240138733,0.08517710056038896,-156.0,-192.32114882506528
383,0.14663577052834775,0.537211486715128,0.08635427344100027,-157.0,-192.22916666666666
384,0.14590259167570602,0.546230481027788,0.08754875709706986,-167.0,-192.16363636363636
385,0.1451730787173275,0.4477099434953952,0.0884818171654593,-209.0,-192.20725388601036
386,0.14444721332374086,0.5312611928307117,0.0896259499191163,-158.0,-192.1188630490956
387,0.14372497725712216,0.531846522201397,0.09076569366211186,-165.0,-192.04896907216494
388,0.14300635237083656,0.5321405999994505,0.09190033352416158,-125.0,-191.87660668380462
389,0.14229132060898236,0.5376770967577696,0.09304335086578622,-169.0,-191.81794871794872
390,0.14157986400593744,0.5121153928426427,0.09411514636956335,-206.0,-191.8542199488491
391,0.14087196468590776,0.5406350455607577,0.09525422774505109,-151.0,-191.75
392,0.14016760486247823,0.5066247513007758,0.09630097207979847,-124.0,-191.57760814249363
393,0.13946676683816583,0.5067368065076229,0.09734268739560514,-169.0,-191.5203045685279
394,0.138769433003975,0.5173726916910986,0.09840605449508741,-153.0,-191.4227848101266
395,0.13807558583895513,0.5168264933681779,0.09946267176496895,-165.0,-191.3560606060606
396,0.13738520790976036,-0.48026272359184924,0.09800240628548075,-209.0,-191.40050377833754
397,0.13669828187021155,0.5366703318437775,0.0991045870029639,-145.0,-191.28391959798995
398,0.13601479046086049,0.507484509114353,0.10012809557968419,-158.0,-191.20050125313284
399,0.1353347165085562,0.5027560250255129,0.10113466540329875,-155.0,-191.11
400,0.1346580429260134,0.5149183704969882,0.10216654496712341,-124.0,-190.9426433915212
401,0.13398475271138335,0.5037406660974155,0.10316548556695,-156.0,-190.85572139303483
402,0.13331482894782642,0.5437543007344479,0.10425875806116217,-155.0,-190.7667493796526
403,0.13264825480308728,0.508682555418288,0.10525980706452139,-207.0,-190.80693069306932
404,0.13198501352907185,0.5368577983788596,0.10632548111714939,-158.0,-190.72592592592594
405,0.1313250884614265,0.5098940344741368,0.10731949233231439,-163.0,-190.6576354679803
406,0.13066846301911936,0.5427441539784467,0.10838933179581839,-155.0,-190.57002457002457
407,0.13001512070402377,-0.4828111221745509,0.10694031107530277,-209.0,-190.61519607843138
408,0.12936504510050365,-0.4464343061603037,0.10558731690113259,-209.0,-190.6601466992665
409,0.12871821987500112,0.2667021467766376,0.10598027990082894,-209.0,-190.7048780487805
410,0.12807462877562611,0.5109382967516193,0.10696557921190142,-129.0,-190.55474452554745
411,0.12743425563174798,0.516109080500968,0.10795864596260303,-155.0,-190.46844660194174
412,0.12679708435358925,0.5102415689551325,0.10893269662360189,-143.0,-190.35351089588377
413,0.1261630989318213,0.5306184377787105,0.109951261215764,-152.0,-190.2608695652174
414,0.1255322834371622,0.5422548349198804,0.11099295657408717,-167.0,-190.20481927710844
415,0.12490462201997637,0.5141660512991543,0.11196212266717628,-190.0,-190.20432692307693
416,0.1242800989098765,0.5300802123179833,0.1129648039373221,-157.0,-190.12470023980816
417,0.12365869841532712,0.540764443234389,0.11398824805047297,-156.0,-190.04306220095694
418,0.12304040492325048,0.5303661446852465,0.11498199004721467,-157.0,-189.96420047732695
419,0.12242520289863423,0.5233620526158591,0.11595432352952097,-164.0,-189.90238095238095
420,0.12181307688414106,0.47275854329646877,0.11680183949096265,-209.0,-189.9477434679335
421,0.12120401149972035,0.54067444126274,0.11780627693591947,-195.0,-189.95971563981044
422,0.12059799144222175,0.5445515109586901,0.11881513091706077,-161.0,-189.89125295508273
423,0.11999500148501063,0.5201672856443186,0.11976171618764393,-128.0,-189.74528301886792
424,0.11939502647758558,-0.5348642721720295,0.1182214197444447,-209.0,-189.7905882352941
425,0.11879805134519765,-0.5563791071397765,0.1166378504325099,-209.0,-189.8356807511737
426,0.11820406108847166,0.5035380880085578,0.11754393998186834,-132.0,-189.70023419203747
427,0.1176130407830293,0.5002793539590433,0.11843818160331034,-159.0,-189.6285046728972
428,0.11702497557911415,0.5113006865528017,0.11935394501811102,-153.0,-189.54312354312356
429,0.11643985070121858,0.537999182072568,0.12032753859265627,-153.0,-189.4581395348837
430,0.11585765144771248,0.5106880522217718,0.12123324744098368,-124.0,-189.3062645011601
431,0.11527836319047392,0.5081029618124592,0.12212877918721396,-129.0,-189.16666666666666
432,0.11470197137452155,0.5368577983788596,0.12308658292668659,-169.0,-189.1200923787529
433,0.11412846151764894,0.5180623302454136,0.12399666529378042,-164.0,-189.06221198156683
434,0.1135578192100607,0.5354836959203851,0.12494261249062319,-161.0,-188.9977011494253
435,0.11299003011401039,0.5191992482302642,0.12584687082947557,-124.0,-188.848623853211
436,0.11242507996344034,0.5109874641981094,0.1267281994184198,-129.0,-188.7116704805492
437,0.11186295456362313,0.5062713384740279,0.12759473626557874,-161.0,-188.64840182648402
438,0.11130363979080501,0.5169062436041383,0.12848155063309255,-167.0,-188.59908883826878
439,0.11074712159185099,-0.5461210089271155,0.12694836299772844,-209.0,-188.64545454545456
440,0.11019338598389174,0.5425426574334171,0.1278907536880588,-158.0,-188.57596371882087
441,0.10964241905397228,-0.32070415548530995,0.12687583307906927,-209.0,-188.62217194570135
442,0.10909420695870241,-0.5730737817080733,0.12529581137526083,-209.0,-188.6681715575621
443,0.1085487359239089,0.5207991693316132,0.12618658470399136,-125.0,-188.52477477477478
444,0.10800599224428936,0.5129729881415378,0.12705576763306448,-156.0,-188.45168539325843
445,0.10746596228306791,0.5167080837987972,0.12792942753478137,-156.0,-188.37892376681614
446,0.10692863247165257,0.5310139226123768,0.1288311825573263,-160.0,-188.31543624161074
447,0.1063939893092943,0.5198076103918859,0.12970389779802846,-190.0,-188.31919642857142
448,0.10586201936274783,0.5116665360591354,0.13055459409705097,-155.0,-188.24498886414253
449,0.10533270926593409,0.5059016090267693,0.13138869857467259,-122.0,-188.09777777777776
450,0.10480604571960442,-0.45076310863095437,0.13009789634140068,-209.0,-188.14412416851442
451,0.1042820154910064,0.512267024785714,0.13094340326273765,-159.0,-188.0796460176991
452,0.10376060541355137,0.513184821049994,0.13178720330200314,-188.0,-188.0794701986755
453,0.1032418023864836,0.5355012733024929,0.1326764413416518,-165.0,-188.0286343612335
454,0.10272559337455119,0.5197097514435564,0.13352706400121642,-131.0,-187.9032967032967
455,0.10221196540767843,0.5053754160609736,0.13434252091362817,-142.0,-187.80263157894737
456,0.10170090558064004,0.5280915882510674,0.13520411624697048,-158.0,-187.73741794310723
457,0.10119240105273684,0.5290828263044455,0.13606411343050206,-159.0,-187.67467248908298
458,0.10068643904747315,0.5102415689551325,0.1368793148586603,-159.0,-187.61220043572985
459,0.10018300685223579,0.5006221515278014,0.13767006015576713,-165.0,-187.56304347826088
460,0.0996820918179746,-0.5091706402029346,0.13626693499229925,-209.0,-187.60954446854663
461,0.09918368135888474,0.5031424634690417,0.13706103786779003,-156.0,-187.54112554112555
462,0.09868776295209031,0.5271238437852952,0.13790350613111077,-173.0,-187.5097192224622
463,0.09819432413732986,-0.10580034705957937,0.1373782823095791,-209.0,-187.55603448275863
464,0.09770335251664321,0.5271472057736833,0.1382164950482116,-169.0,-187.51612903225808
465,0.09721483575406,0.5447102998793535,0.13908879935042437,-158.0,-187.45278969957081
466,0.09672876157528969,0.5292497407413413,0.1399242617516897,-122.0,-187.31263383297645
467,0.09624511776741324,0.5013237650781943,0.14069648291264378,-152.0,-187.23717948717947
468,0.09576389217857617,0.5287751754016647,0.14152394281134104,-153.0,-187.16417910447763
469,0.09528507271768329,0.5349294478469067,0.14236097580077842,-206.0,-187.20425531914893
470,0.09480864735409487,0.5023422615004914,0.14312526727784786,-159.0,-187.14437367303609
471,0.0943346041173244,0.5176176357164616,0.14391868331267543,-155.0,-187.07627118644066
472,0.09386293109673778,0.5245346523034686,0.14472336823654605,-161.0,-187.02114164904862
473,0.09339361644125409,0.5290921799215014,0.14553427290254806,-200.0,-187.04852320675104
474,0.09292664835904782,0.5348577983788596,0.14635390137723506,-160.0,-186.99157894736842
475,0.09246201511725258,0.5359687893293348,0.1471724200494033,-162.0,-186.9390756302521
476,0.09199970504166631,0.5436778776670286,0.14800366838822432,-162.0,-186.88679245283018
477,0.09153970651645797,-0.5321841998608703,0.14658068121615508,-209.0,-186.93305439330544
478,0.09108200798387568,0.505387428565676,0.14732975584527724,-129.0,-186.81210855949897
479,0.0906265979439563,0.5072232323604488,0.1480795339213505,-156.0,-186.74791666666667
480,0.09017346495423652,0.5029773296343159,0.14881736717647104,-122.0,-186.6133056133056
481,0.08972259762946533,0.5214263708581608,0.14959041490195174,-160.0,-186.55809128630705
482,0.089273984641318,0.5179794272940818,0.15035312507253584,-204.0,-186.59420289855072
483,0.0888276147181114,-0.5416431978520821,0.14892338060368332,-209.0,-186.6404958677686
484,0.08838347664452084,-0.2949627143089633,0.14800815154200778,-209.0,-186.68659793814433
485,0.08794155926129824,0.5338283752965927,0.14880202031516535,-126.0,-186.56172839506172
486,0.08750185146499175,0.5173688421486915,0.14955883103761614,-120.0,-186.42505133470226
487,0.08706434220766679,0.5031026636588997,0.15028330610446303,-158.0,-186.36680327868854
488,0.08662902049662846,0.5192069275051995,0.15103775113800236,-120.0,-186.23108384458078
489,0.08619587539414532,0.5368577983788596,0.1518251389895143,-158.0,-186.1734693877551
490,0.08576489601717459,0.5048616539078499,0.15254415429484697,-158.0,-186.11608961303463
491,0.08533607153708872,0.5195828490202489,0.15329016790201241,-160.0,-186.0630081300813
492,0.08490939117940327,0.5004098522373913,0.15399426462480226,-162.0,-186.01419878296147
493,0.08448484422350626,0.5407987355852908,0.15477726962674654,-155.0,-185.95141700404858
494,0.08406242000238873,0.5183482101450663,0.1555117563752684,-157.0,-185.8929292929293
495,0.08364210790237678,0.5038828111536823,0.15621411737280552,-150.0,-185.82056451612902
496,0.0832238973628649,0.5368577983788596,0.1569800000307654,-158.0,-185.76458752515092
497,0.08280777787605056,0.5199375007317222,0.1577088303534581,-122.0,-185.63654618473896
498,0.08239373898667031,0.5261488326629502,0.1584471870715132,-165.0,-185.59519038076152
499,0.08198177029173696,0.5322041000780497,0.15919470089752627,-157.0,-185.538
500,0.08157186144027828,0.5185172220311564,0.15991191151855147,-175.0,-185.51696606786427
501,0.0811640021330769,0.5368577983788596,0.16066279973938874,-153.0,-185.45219123505976
502,0.08075818212241151,0.5283310003869601,0.1613937504365012,-159.0,-185.39960238568588
503,0.08035439121179945,0.5041006971824364,0.16207372453718757,-160.0,-185.34920634920636
504,0.07995261925574046,0.5303718383651703,0.16280302773288655,-155.0,-185.2891089108911
505,0.07955285615946175,0.5026451733368379,0.16347465252657026,-154.0,-185.22727272727272
506,0.07915509187866444,0.5225034592124309,0.16418279612950096,-157.0,-185.1715976331361
507,0.07875931641927113,0.5317391776153945,0.1649063323135283,-154.0,-185.11023622047244
508,0.07836551983717477,-0.03858044377451098,0.1645065547573632,-209.0,-185.15717092337917
509,0.07797369223798889,0.5247373875186537,0.16521288972356182,-162.0,-185.11176470588236
510,0.07758382377679894,0.5344188841266605,0.16593540634665987,-164.0,-185.07045009784736
511,0.07719590465791494,0.5059110852620284,0.16659942134454145,-164.0,-185.029296875
512,0.07680992513462537,0.5257312531231435,0.16729948339479214,-152.0,-184.96491228070175
513,0.07642587550895225,0.5345860778712751,0.1680140487536958,-122.0,-184.84241245136187
514,0.07604374613140748,0.5294894789936894,0.1687159427929968,-166.0,-184.80582524271844
515,0.07566352740075044,0.5165977389186027,0.16939013232037198,-155.0,-184.74806201550388
516,0.07528520976374668,0.5369728440601355,0.17010112402586475,-152.0,-184.68471953578336
517,0.07490878371492794,0.5247373875186537,0.17078575001716356,-156.0,-184.62934362934362
518,0.0745342397963533,0.5233199778966688,0.17146500671828013,-157.0,-184.5761078998073
519,0.07416156859737154,0.5107635955896349,0.1721175040045712,-153.0,-184.51538461538462
520,0.07379076075438468,0.5017169865102932,0.1727501325698413,-130.0,-184.41074856046066
521,0.07342180695061275,0.5306708156293063,0.17343580437646863,-152.0,-184.34865900383141
522,0.07305469791585968,0.5156024926893783,0.17409004278624476,-123.0,-184.23135755258127
523,0.07268942442628039,0.5335416570358418,0.1747760191493165,-124.0,-184.11641221374046
524,0.07232597730414898,0.5038965881887921,0.17540291547129647,-155.0,-184.0609523809524
525,0.07196434741762824,0.5297428227176142,0.17607656548507272,-153.0,-184.00190114068442
526,0.0716045256805401,-0.0003598413174485163,0.17574177154427098,-209.0,-184.04933586337762
527,0.0712465030521374,0.5446820890069148,0.17644052214552597,-166.0,-184.0151515151515
528,0.0708902705368767,0.5036706718648102,0.17705910465917302,-158.0,-183.96597353497165
529,0.07053581918419231,0.5005863486265466,0.1776695334213756,-151.0,-183.90377358490565
530,0.07018314008827135,0.5129904976326626,0.17830102299616143,-208.0,-183.94915254237287
531,0.06983222438783,0.5042971296007467,0.1789137976326362,-125.0,-183.83834586466165
532,0.06948306326589085,0.5159062822407503,0.17954605370131935,-129.0,-183.73545966228892
533,0.0691356479495614,-0.5189022637943612,0.1782380980505784,-209.0,-183.78277153558054
534,0.06878996970981359,0.5464097948713416,0.17892626944650503,-160.0,-183.73831775700936
535,0.06844601986126451,0.5362517196489407,0.17959292140583796,-124.0,-183.62686567164178
536,0.06810378976195819,0.5035618836320431,0.18019621556268378,-168.0,-183.5977653631285
537,0.0677632708131484,-0.5649063074158748,0.17881126663521432,-209.0,-183.6449814126394
538,0.06742445445908266,0.5022916328408655,0.1794114157376367,-130.0,-183.54545454545453
539,0.06708733218678724,0.5350493962773263,0.18007000459048797,-162.0,-183.50555555555556
540,0.0667518955258533,-0.2371772791889401,0.17929875267962025,-209.0,-183.55268022181147
541,0.06641813604822402,0.516046345697993,0.17992005820179435,-127.0,-183.44833948339485
542,0.0660860453679829,0.5137133186822076,0.1805347787551653,-126.0,-183.34254143646407
543,0.06575561514114299,0.5079084901928539,0.18113656866589634,-161.0,-183.3014705882353
544,0.06542683706543727,0.5185172220311564,0.1817556157362913,-160.0,-183.25871559633026
545,0.06509970288011008,0.5087804708649363,0.18235456235740602,-133.0,-183.16666666666666
546,0.06477420436570952,-0.5764384189021649,0.18096737226369564,-209.0,-183.21389396709324
547,0.06445033334388098,0.5412188314850013,0.18162476543745715,-162.0,-183.17518248175182
548,0.06412808167716157,0.5417555027630289,0.18228074127958022,-124.0,-183.06739526411658
549,0.06380744126877576,-0.2920884110209909,0.181418251911761,-209.0,-183.11454545454546
550,0.06348840406243188,0.5370206919560574,0.18206362839097026,-159.0,-183.07078039927404
551,0.06317096204211972,0.5484755140664749,0.18272741803893314,-162.0,-183.0326086956522
552,0.06285510723190912,0.5018025500277509,0.18330440742770132,-124.0,-182.9258589511754
553,0.06254083169574957,0.5078955863382844,0.18389031208277457,-92.0,-182.76173285198556
554,0.062228127537270826,0.5110553359043188,0.18447979861218275,-127.0,-182.66126126126127
555,0.06191698689958447,-0.13058868941673102,0.18391312866968473,-209.0,-182.70863309352518
556,0.061607401965086545,0.5134770247796561,0.18450480532338306,-150.0,-182.64991023339317
557,0.06129936495526111,0.5205353798890479,0.18510701065414592,-121.0,-182.5394265232975
558,0.0609928681304848,0.5102694553644828,0.1856886966017494,-159.0,-182.4973166368515
559,0.060687903789832374,0.5040329030757359,0.18625716839902437,-125.0,-182.39464285714286
560,0.06038446427088321,0.539189054941998,0.18688628049624892,-153.0,-182.3422459893048
561,0.06008254194952879,0.5358577983788596,0.18750722625760588,-158.0,-182.29893238434164
562,0.05978212923978115,0.5266746857122082,0.1881096551376318,-155.0,-182.25044404973357
563,0.05948321859358224,0.5368577983788596,0.1887280029093361,-159.0,-182.20921985815602
564,0.05918580250061433,0.5368577983788596,0.18934416183937067,-158.0,-182.16637168141594
565,0.058889873488111255,0.5035618836320431,0.1898993168248701,-157.0,-182.12190812720848
566,0.058595424120670696,0.5016457436356017,0.19044913415610595,-165.0,-182.09171075837742
567,0.05830244700006734,0.5443955283787626,0.1910722792163571,-164.0,-182.05985915492957
568,0.058010934765067,0.5368577983788596,0.19167998663140545,-156.0,-182.0140597539543
569,0.05772088009124167,0.5179806848817444,0.19225244399675692,-124.0,-181.91228070175438
570,0.05743227569078546,0.5348577983788596,0.1928524533739585,-156.0,-181.86690017513135
571,0.05714511431233153,0.5319232675655214,0.19344523451765006,-149.0,-181.80944055944056
572,0.05685938874076987,0.501863112358522,0.19398348561335838,-156.0,-181.76439790575915
573,0.056575091797066025,0.5227373875186537,0.19455622760274044,-156.0,-181.71951219512195
574,0.056292216338080694,0.5397268324480845,0.1951565243068193,-158.0,-181.6782608695652
575,0.05601075525639029,0.5437220229622183,0.19576167274198492,-158.0,-181.63715277777777
576,0.05573070148010834,0.5368577983788596,0.19635282720582697,-153.0,-181.58752166377818
577,0.0554520479727078,0.5201463428138575,0.19691302359961252,-163.0,-181.55536332179932
578,0.05517478773284426,0.5441342179950553,0.19751271478164262,-199.0,-181.58549222797927
579,0.05489891379418004,0.5368577983788596,0.19809779251198265,-209.0,-181.63275862068966
580,0.05462441922520914,0.5180629377481323,0.1986485070476731,-152.0,-181.5817555938038
581,0.0543512971290831,0.5368577983788596,0.19922962266851707,-197.0,-181.60824742268042
582,0.05407954064343768,0.5454564512018572,0.19982349372946617,-122.0,-181.50600343053173
583,0.05380914294022049,0.15770225596963558,0.1997513683223432,-209.0,-181.55308219178082
584,0.05354009722551939,0.5395171182744202,0.2003321644761074,-157.0,-181.51111111111112
585,0.05327239673939179,0.5163478433096954,0.2008714403785538,-165.0,-181.4829351535836
586,0.053006034755694834,0.5082660418999141,0.2013951109092546,-150.0,-181.42930153321976
587,0.052741004581916356,0.5427102998793535,0.20197557891770715,-152.0,-181.37925170068027
588,0.052477299559006776,0.5007137035733458,0.20248277437552656,-135.0,-181.30050933786077
589,0.052214913061211746,0.5368577983788596,0.20304951170434576,-151.0,-181.24915254237288
590,0.05195383849590569,0.5231323494477316,0.20359110703047673,-164.0,-181.21996615905246
591,0.05169406930342616,0.5017922546770183,0.20409482518528507,-120.0,-181.11655405405406
592,0.05143559895690903,0.546531807153913,0.2046722905848949,-154.0,-181.070826306914
593,0.051178420962124486,0.5176197902668407,0.20519913822745708,-155.0,-181.02693602693603
594,0.05092252885731386,0.44280624680822606,0.2055984779057441,-209.0,-181.07394957983195
595,0.05066791621302729,0.5201808670836061,0.2061263007063781,-205.0,-181.11409395973155
596,0.05041457663196215,0.5368577983788596,0.2066802898147072,-158.0,-181.0753768844221
597,0.050162503748802344,0.5440240695951728,0.20724440984778492,-168.0,-181.05351170568562
598,0.049911691230058335,0.5368577983788596,0.2077946826166181,-160.0,-181.01836393989984
599,0.04966213277390804,0.5307925616935273,0.20833301241507962,-128.0,-180.93
600,0.0494138221100385,0.5161734440101415,0.20884522611157721,-163.0,-180.90016638935109
601,0.04916675299948831,0.5368577983788596,0.209390097494081,-159.0,-180.86378737541528
602,0.04892091923449087,0.5016457436356017,0.20987476689066728,-156.0,-180.82255389718077
603,0.04867631463831842,0.5183130629187054,0.21038542632117727,-121.0,-180.72350993377484
604,0.048432933065126825,0.48617832795312477,0.21084128235693256,-209.0,-180.7702479338843
605,0.048190768399801194,0.5059159503238169,0.21132820425126736,-122.0,-180.67326732673268
606,0.04794981455780219,0.5162788364566346,0.2118305940901559,-126.0,-180.5831960461285
607,0.04771006548501318,0.5368577983788596,0.21236517830773602,-158.0,-180.54605263157896
608,0.047471515157588115,0.5450446599850175,0.2129114500346281,-157.0,-180.50738916256157
609,0.047234157581800176,0.5306184377787105,0.21343228116207744,-157.0,-180.4688524590164
610,0.046997986793891174,0.5156857681309128,0.2139269677201279,-123.0,-180.37479541734862
611,0.04676299685992172,0.508619562120942,0.21440849156718805,-126.0,-180.2859477124183
612,0.04652918187562211,0.051465089048487844,0.2141426785125083,-209.0,-180.33278955954324
613,0.046296535966244,0.2587813041664065,0.21421537985722147,-209.0,-180.37947882736157
614,0.046065053286412784,0.5257422338757208,0.21472192758733283,-194.0,-180.40162601626017
615,0.04583472801998072,0.5368577983788596,0.2152448754295269,-152.0,-180.3555194805195
616,0.045605554379880814,0.5368577983788596,0.21576612814095206,-152.0,-180.3095623987034
617,0.04537752660798141,0.5294894789936894,0.21627377110349694,-147.0,-180.25566343042073
618,0.0451506389749415,0.5338503450329192,0.2167868188804427,-159.0,-180.22132471728594
619,0.044924885780066794,0.5368577983788596,0.21730306239576275,-146.0,-180.16612903225806
620,0.04470026135116646,0.5239682967150935,0.2177968872497391,-147.0,-180.11272141706925
621,0.04447676004441063,0.5348577983788596,0.21830663147985022,-161.0,-180.08199356913184
622,0.04425437624418858,0.5167611311495895,0.21878569167193648,-119.0,-179.98394863563402
623,0.04403310436296763,0.5165977389186027,0.2192629545681651,-193.0,-180.00480769230768
624,0.043812938841152796,0.5358577983788596,0.2197695063182622,-148.0,-179.9536
625,0.04359387414694703,0.5267705897635713,0.2202599233844688,-154.0,-179.91214057507986
626,0.043375904776212296,0.5340575367204965,0.22076039804688669,-117.0,-179.81180223285486
627,0.043159025252331236,-0.3436203713825123,0.2198617025541647,-209.0,-179.85828025477707
628,0.04294323012606958,0.5308428942261745,0.22035610826429508,-151.0,-179.81240063593006
629,0.04272851397543923,0.505352330722432,0.22080848322057786,-155.0,-179.77301587301588
630,0.04251487140556204,0.5267840243684146,0.2212933889910182,-155.0,-179.7337559429477
631,0.04230229704853423,0.5368577983788596,0.22179269976536603,-146.0,-179.68037974683546
632,0.04209078556329156,0.5328478853406047,0.22228409816279926,-156.0,-179.6429699842022
633,0.0418803316354751,0.5348577983788596,0.2227771166173987,-144.0,-179.58675078864354
634,0.041670929977297724,0.5368577983788596,0.22327173186426716,-203.0,-179.62362204724408
635,0.04146257532741124,0.5133306147226145,0.22372779929014505,-153.0,-179.5817610062893
636,0.04125526245077418,0.5079454793004701,0.22417398089141716,-155.0,-179.5431711145997
637,0.04104898613852031,0.5014840590747017,0.22460863618637528,-153.0,-179.50156739811914
638,0.04084374120782771,0.5079042317765111,0.22505197827650067,-157.0,-179.46635367762127
639,0.04063952250178857,0.5391629857822643,0.22554277672572845,-152.0,-179.4234375
640,0.04043632488927963,0.5441038350185865,0.2260397518556705,-147.0,-179.37285491419658
641,0.04023414326483323,0.5368577983788596,0.2265238921150524,-149.0,-179.32554517133957
642,0.040032972548509065,0.5137636427218579,0.22697061023419207,-121.0,-179.2348367029549
643,0.03983280768576652,0.5404646074201686,0.22745740215528834,-150.0,-179.18944099378882
644,0.03963364364733769,0.5035618836320431,0.22788547111881818,-158.0,-179.1565891472868
645,0.039435475429100995,0.5247373875186537,0.22834499420922041,-163.0,-179.1315789473684
646,0.03923829805195549,0.5243798702263012,0.2288025442494323,-158.0,-179.09891808346214
647,0.03904210656169572,0.5145977389186027,0.22924358621651436,-161.0,-179.070987654321
648,0.03884689602888724,0.5001329193772882,0.22966098118286377,-157.0,-179.03697996918336
649,0.0386526615487428,0.5059110852620284,0.23008598134298555,-161.0,-179.00923076923078
650,0.03845939824099909,0.5247373875186537,0.23053859487013714,-160.0,-178.98003072196622
651,0.03826710124979409,-0.27245603595766593,0.22976713071242577,-209.0,-179.02607361963192
652,0.038075765743545126,0.5211545592164716,0.23021335954627578,-124.0,-178.9418070444104
653,0.0378853869148274,0.5368577983788596,0.2306822348350106,-161.0,-178.914373088685
654,0.03769595998025326,0.532096048697628,0.23114240859663296,-125.0,-178.8320610687023
655,0.03750748018035199,0.5368577983788596,0.2316084381542278,-160.0,-178.8033536585366
656,0.037319942779450235,0.5193334356434639,0.23204637574553563,-163.0,-178.779299847793
657,0.037133343065552986,0.5020997307429216,0.23245679117866233,-118.0,-178.68693009118542
658,0.03694767635022522,0.5036367279025199,0.23286829335881992,-119.0,-178.59635811836117
659,0.036762937968474095,0.5194068892213568,0.23330244274649045,-122.0,-178.51060606060605
660,0.03657912327863173,0.5024993128061211,0.23370969973599065,-121.0,-178.42360060514372
661,0.036396227662238566,0.5368577983788596,0.23416762737744512,-165.0,-178.40332326283988
662,0.03621424652392737,0.5476305604113177,0.23464042214823527,-164.0,-178.3815987933635
663,0.036033175291307735,0.513475263740374,0.23506035413858486,-126.0,-178.3027108433735
664,0.03585300941485119,0.5075138730305051,0.23547005867827198,-160.0,-178.27518796992481
665,0.035673744367776934,0.5122830601286926,0.23588569381558488,-163.0,-178.25225225225225
666,0.03549537564593805,0.5243798702263012,0.23631821881769993,-157.0,-178.22038980509745
667,0.035317898767708356,0.5368577983788596,0.2367681283679412,-158.0,-178.19011976047904
668,0.03514130927386981,0.5162936237262619,0.2371859542204947,-162.0,-178.1659192825112
669,0.03496560272750046,0.522362669739683,0.23761159110932933,-120.0,-178.07910447761193
670,0.03479077471386296,0.5368577983788596,0.2380575616119665,-160.0,-178.0521609538003
671,0.03461682084029365,0.5036831915174392,0.23845283784694488,-122.0,-177.96875
672,0.034443736736092176,0.5081714410240235,0.23885360843116044,-152.0,-177.93016344725112
673,0.034271518052411715,-0.26684198391588165,0.23810331823479983,-209.0,-177.97626112759644
674,0.034100160462149656,-0.4688203048497629,0.23705602397837824,-209.0,-178.0222222222222
675,0.03392965965983891,-0.479790295621797,0.23599560042867385,-209.0,-178.0680473372781
676,0.033760011361539714,0.5041173820972512,0.23639164441932167,-117.0,-177.9778434268833
677,0.03359121130473201,0.5142472986816484,0.23680146101852867,-122.0,-177.8952802359882
678,0.033423255248208356,0.5128307985532038,0.23720798434332202,-151.0,-177.8556701030928
679,0.03325613897196732,0.5368577983788596,0.23764864583455075,-165.0,-177.83676470588236
680,0.03308985827710748,0.5174427638514221,0.23805950357025832,-153.0,-177.80029368575623
681,0.032924408985721944,-0.3329911030582914,0.23722218596523112,-209.0,-177.84604105571847
682,0.03275978694079333,0.5016457436356017,0.2376093361228744,-123.0,-177.7657393850659
683,0.032595988006089364,0.5368577983788596,0.23804683387471065,-174.0,-177.76023391812865
684,0.032433008066058915,0.5213613994984166,0.23846043178073065,-122.0,-177.67883211678833
685,0.03227084302572862,0.5338353568437894,0.23889100747324238,-123.0,-177.5991253644315
686,0.032109488810599975,0.5057381718567397,0.23927943129330567,-159.0,-177.57205240174673
687,0.031948941366546975,0.5368577983788596,0.23971195798965098,-161.0,-177.54796511627907
688,0.03178919665971424,0.5180623302454136,0.24011594982166223,-157.0,-177.51814223512338
689,0.03163025067641567,0.5102415689551325,0.2405074362262035,-178.0,-177.51884057971014
690,0.03147209942303359,0.5368577983788596,0.2409363079514606,-176.0,-177.51664254703329
691,0.03131473892591842,0.5035618836320431,0.24131582467932272,-163.0,-177.4956647398844
692,0.031158165231288826,-0.2563007646922047,0.24059776322279813,-209.0,-177.54112554112555
693,0.03100237440513238,0.5368577983788596,0.24102465088152444,-155.0,-177.50864553314122
694,0.030847362533106718,0.5368577983788596,0.2414503100865566,-166.0,-177.49208633093525
695,0.030693125720441184,0.5466497893960919,0.24188881508556456,-167.0,-177.47701149425288
696,0.030539660091838977,0.547416878694398,0.242327162379121,-162.0,-177.45480631276902
697,0.03038696179137978,0.5368577983788596,0.24274912604101176,-160.0,-177.4297994269341
698,0.030235026982422884,0.5368577983788596,0.24316988236767534,-155.0,-177.39771101573677
699,0.030083851847510768,0.5035618836320431,0.24354187094091015,-157.0,-177.36857142857144
700,0.029933432588273214,0.5368577983788596,0.24396029594438798,-158.0,-177.34094151212554
701,0.029783765425331846,0.5362765760852828,0.24437670090185362,-163.0,-177.32051282051282
702,0.029634846598205186,0.5437170638529968,0.24480250511657786,-171.0,-177.31152204836414
703,0.02948667236521416,0.5000540087784197,0.24516507827518844,-94.0,-177.1931818181818
704,0.029339239003388088,0.5207926520545703,0.24555603937274786,-163.0,-177.17304964539008
705,0.029192542808371146,0.522362669739683,0.245948116752871,-154.0,-177.1402266288952
706,0.02904658009432929,-0.31609351661328094,0.2451531498032725,-209.0,-177.1852899575672
707,0.028901347193857643,0.5368577983788596,0.24556516201877474,-158.0,-177.1581920903955
708,0.028756840457888354,0.5331043721110641,0.24597071802736753,-122.0,-177.08039492242594
709,0.02861305625559891,0.523256098534779,0.2463612608168146,-124.0,-177.0056338028169
710,0.028469990974320916,0.5368577983788596,0.2467698354125418,-154.0,-176.9732770745429
711,0.02832764101944931,0.5301973195749837,0.24716790772175873,-154.0,-176.94101123595505
712,0.028186002814352063,0.5476305604113177,0.2475893139667651,-163.0,-176.92145862552596
713,0.0280450728002803,0.5171996084428573,0.2479669194212134,-158.0,-176.89495798319328
714,0.0279048474362789,-0.5343381123386272,0.2468727865096612,-209.0,-176.93986013986014
715,0.027765323199097504,0.5060463064358164,0.2472347606995022,-120.0,-176.86033519553072
716,0.027626496583102015,0.5368577983788596,0.24763869799054733,-162.0,-176.83960948396094
717,0.027488364100186506,0.5368577983788596,0.24804151010807982,-148.0,-176.79944289693594
718,0.027350922279685573,0.5368577983788596,0.24844320174684306,-155.0,-176.769123783032
719,0.027214167668287145,0.5368577983788596,0.24884377757549864,-146.0,-176.7263888888889
720,0.02707809682994571,0.5115136147698471,0.24920809080323006,-156.0,-176.69764216366158
721,0.02694270634579598,0.5368577983788596,0.24960649760042625,-148.0,-176.6578947368421
722,0.026807992814067,0.5050289919952294,0.24995977905878697,-122.0,-176.582295988935
723,0.026673952849996664,0.5317166577674337,0.2503489460183293,-161.0,-176.560773480663
724,0.02654058308574668,0.5363120430142438,0.2507433778762547,-149.0,-176.52275862068964
725,0.026407880170317945,0.5189616896128189,0.25111282458663564,-155.0,-176.4931129476584
726,0.026275840769466357,0.5327997583066078,0.251500289419813,-118.0,-176.41265474552958
727,0.026144461565619025,0.5368577983788596,0.2518922640200315,-150.0,-176.37637362637363
728,0.02601373925779093,0.5368577983788596,0.2522831632441177,-206.0,-176.41700960219478
729,0.025883670561501974,0.5368577983788596,0.2526729915114256,-152.0,-176.3835616438356
730,0.025754252208694463,0.5368577983788596,0.25306175321712654,-152.0,-176.35020519835842
731,0.02562548094765099,0.5368577983788596,0.25344945273237485,-150.0,-176.31420765027323
732,0.025497353542912736,0.521251000909993,0.25381480272988866,-122.0,-176.24010914051843
733,0.02536986677519817,0.5348503450329192,0.25419768494011075,-152.0,-176.20708446866485
734,0.02524301744132218,0.5368577983788596,0.2545822565230206,-153.0,-176.17551020408163
735,0.025116802354115567,0.5368577983788596,0.25496578307445517,-155.0,-176.14673913043478
736,0.024991218342344988,0.5192058277858872,0.2553243177348506,-149.0,-176.10990502035278
737,0.024866262250633264,0.5049713569800973,0.25566259285577914,-118.0,-176.03116531165313
738,0.024741930939380097,0.5243798702263012,0.2560262156938989,-153.0,-176.0
739,0.024618221284683196,0.5247840243684146,0.25638940192183746,-157.0,-175.97432432432433
740,0.02449513017825978,0.519908346368842,0.2567450280277039,-159.0,-175.95141700404858
741,0.02437265452736848,0.5348577983788596,0.25711984308208546,-154.0,-175.92183288409703
742,0.024250791254731636,0.5144287097487303,0.2574661538043824,-119.0,-175.84522207267833
743,0.024129537298457977,0.5368577983788596,0.2578416802083804,-145.0,-175.80376344086022
744,0.024008889611965685,0.4389064290953619,0.2580847201397723,-209.0,-175.848322147651
745,0.023888845163905856,0.5368577983788596,0.2584584105931759,-148.0,-175.81099195710456
746,0.023769400938086327,0.5243798702263012,0.2588143964829124,-153.0,-175.78045515394913
747,0.023650553933395897,0.5368577983788596,0.25918611226084814,-148.0,-175.7433155080214
748,0.023532301163728918,0.5090234549564787,0.25951967346604926,-124.0,-175.67423230974632
749,0.023414639657910272,0.5287132564426231,0.25987859824335136,-193.0,-175.69733333333335
750,0.023297566459620722,-0.47672660161459735,0.2588977657535272,-209.0,-175.7416777629827
751,0.023181078627322618,0.5249677007890025,0.2592515821564999,-170.0,-175.7340425531915
752,0.023065173234186005,0.5368577983788596,0.25962024911031445,-166.0,-175.72111553784862
753,0.022949847368015076,0.5368577983788596,0.25998793816769983,-157.0,-175.69628647214853
754,0.022835098131175,0.5368577983788596,0.2603546532143371,-160.0,-175.67549668874173
755,0.022720922640519125,0.5283310003869601,0.2607091192820258,-165.0,-175.66137566137567
756,0.02260731802731653,0.5368577983788596,0.26107391278149317,-158.0,-175.63804491413475
757,0.022494281437179946,-0.5898624238089964,0.2599513054772841,-209.0,-175.6820580474934
758,0.022381810029994047,0.5316657870101956,0.2603092955715303,-121.0,-175.61001317523056
759,0.022269900979844076,0.5040065585948293,0.26062994986498206,-125.0,-175.54342105263157
760,0.022158551474944856,0.5368577983788596,0.26099292995501344,-177.0,-175.54533508541394
761,0.022047758717570132,0.5368577983788596,0.2613549573413964,-158.0,-175.52230971128608
762,0.021937519923982282,0.524330855299283,0.2616996177581171,-125.0,-175.45609436435126
763,0.021827832324362372,0.5368577983788596,0.2620597724447935,-172.0,-175.45157068062827
764,0.02171869316274056,-0.2547188958739527,0.2613842447737886,-209.0,-175.4954248366013
765,0.021610099696926857,0.5163130709906217,0.26171705002994633,-154.0,-175.46736292428199
766,0.021502049198442223,0.5368577983788596,0.2620757733002839,-158.0,-175.4445893089961
767,0.021394538952450012,0.5247373875186537,0.2624177806104641,-171.0,-175.43880208333334
768,0.02128756625768776,0.5201748916305962,0.2627529654102302,-118.0,-175.36410923276983
769,0.021181128426399323,0.529580293438574,0.2630994944076696,-125.0,-175.2987012987013
770,0.021075222784267326,0.5213185364635474,0.26343440885910396,-157.0,-175.27496757457848
771,0.020969846670345987,0.5128076217381218,0.26375743115557937,-153.0,-175.2461139896373
772,0.020864997436994256,0.5117745742595872,0.2640782812760244,-121.0,-175.1759379042691
773,0.020760672449809284,0.5368577983788596,0.26443070959269477,-160.0,-175.156330749354
774,0.020656869087560238,0.5176176357164616,0.26475740240059636,-151.0,-175.12516129032258
775,0.020553584742122436,0.5149684040232392,0.26507983925835754,-119.0,-175.0528350515464
776,0.020450816818411825,0.5205754914078229,0.2654086624914971,-119.0,-174.98069498069498
777,0.020348562734319765,0.5278839263925278,0.26574603429599714,-120.0,-174.91002570694087
778,0.020246819920648168,0.5057381718567397,0.2660541114944063,-150.0,-174.8780487804878
779,0.020145585821044927,0.524095982465781,0.26638493440590805,-128.0,-174.81794871794872
780,0.020044857891939702,0.5204757018053487,0.2667102746970725,-161.0,-174.80025608194623
781,0.019944633602480003,-0.5013889300654971,0.26572805065006155,-209.0,-174.84398976982098
782,0.019844910434467605,0.5368577983788596,0.26607432108138823,-157.0,-174.82120051085568
783,0.019745685882295267,0.5401663378149094,0.26642392824558914,-156.0,-174.79719387755102
784,0.01964695745288379,0.5247840243684146,0.2667530493871469,-158.0,-174.77579617834394
785,0.01954872266561937,0.5308428942261745,0.26708904155615326,-152.0,-174.7468193384224
786,0.019450979052291272,0.5368577983788596,0.26743182269569926,-150.0,-174.715374841169
787,0.019353724157029815,0.5079883694461593,0.26773709750122016,-119.0,-174.64467005076142
788,0.019256955536244666,0.5016699591700738,0.2680335903550463,-121.0,-174.5766793409379
789,0.019160670758563442,0.5307989070535666,0.2683662046799812,-157.0,-174.55443037974683
790,0.019064867404770626,0.44688044677403876,0.2685918864019711,-209.0,-174.59797724399493
791,0.018969543067746772,0.5212109911491747,0.2689108499180661,-120.0,-174.52904040404042
792,0.018874695352408037,0.5309572879851497,0.26924129939860464,-120.0,-174.46027742749055
793,0.018780321875645996,0.5368577983788596,0.26957834788598534,-159.0,-174.44080604534005
794,0.018686420266267767,0.5006449324891694,0.269868997677939,-121.0,-174.37358490566038
795,0.018592988164936427,0.5029239375095629,0.2701617802656672,-122.0,-174.30778894472363
796,0.018500023224111744,0.5368577983788596,0.27049640513155576,-148.0,-174.27478042659976
797,0.018407523107991184,-0.33501475639670364,0.2697376192148537,-209.0,-174.31829573934837
798,0.01831548549245123,0.5368577983788596,0.2700719373364607,-154.0,-174.29286608260324
799,0.018223908064988973,0.5368577983788596,0.27040541966276366,-158.0,-174.2725
800,0.018132788524664028,0.504251861159656,0.2706973627857311,-152.0,-174.2446941323346
801,0.018042124582040707,0.5368577983788596,0.2710292336530542,-153.0,-174.21820448877804
802,0.017951913959130504,0.5169702290417536,0.2713355113559044,-122.0,-174.15317559153175
803,0.01786215438933485,0.5368577983788596,0.2716657629566792,-155.0,-174.12935323383084
804,0.017772843617388175,0.5368577983788596,0.2719951940565825,-154.0,-174.10434782608695
805,0.017683979399301233,0.513147509922121,0.27229439047825194,-154.0,-174.07940446650124
806,0.017595559502304726,0.5368577983788596,0.27262222617577436,-156.0,-174.0570012391574
807,0.0175075817047932,0.5016457436356017,0.2729056711231257,-152.0,-174.02970297029702
808,0.017420043796269234,0.5368577983788596,0.27323194074890533,-153.0,-174.00370828182943
809,0.017332943577287888,0.5161750448191812,0.27353187050701677,-160.0,-173.9864197530864
810,0.01724627885940145,0.5126335280808539,0.27382669375926566,-157.0,-173.96547472256472
811,0.017160047465104442,0.5059110852620284,0.27411251197540204,-162.0,-173.95073891625617
812,0.01707424722777892,0.5218237961944664,0.27441719990187075,-123.0,-173.88806888068882
813,0.016988875991640028,0.5287132564426231,0.2747296029197341,-158.0,-173.86855036855036
814,0.016903931611681827,0.5368577983788596,0.275051232607414,-119.0,-173.80122699386504
815,0.01681941195362342,0.5368577983788596,0.27537207398703584,-153.0,-173.77573529411765
816,0.016735314893855303,0.5368577983788596,0.2756921299532437,-159.0,-173.75764993880048
817,0.016651638319386028,0.5368577983788596,0.27601140338652685,-161.0,-173.74205378973105
818,0.0165683801277891,0.5368577983788596,0.2763298971533063,-158.0,-173.72283272283272
819,0.016485538227150154,0.5213185364635474,0.27662866378661144,-166.0,-173.71341463414635
820,0.0164031105360144,0.5439033156165258,0.27695421147458943,-123.0,-173.6516443361754
821,0.01632109498333433,0.5368577983788596,0.27727039588688174,-157.0,-173.63138686131387
822,0.016239489508417658,0.5476305604113177,0.2775989015545906,-164.0,-173.61968408262453
823,0.01615829206087557,-0.5557444220366418,0.27658756256964984,-209.0,-173.6626213592233
824,0.01607750060057119,0.5032417886944386,0.27686229496495257,-122.0,-173.6
825,0.015997113097568336,0.5368577983788596,0.27717705949693067,-161.0,-173.58474576271186
826,0.015917127532080494,0.5124256603332653,0.2774615197155961,-125.0,-173.52599758162032
827,0.01583754189442009,0.5269752115372117,0.277762864754028,-154.0,-173.5024154589372
828,0.01575835418494799,0.5328428942261745,0.2780705608088798,-152.0,-173.47647768395657
829,0.01567956241402325,0.5368577983788596,0.2783823526613738,-182.0,-173.48674698795182
830,0.015601164601953134,0.5368577983788596,0.2786933941122974,-152.0,-173.46089049338147
831,0.015523158778943369,0.5368577983788596,0.27900368786742547,-163.0,-173.44831730769232
832,0.015445542985048652,0.519401930782063,0.27929228119625454,-153.0,-173.42376950780312
833,0.015368315270123408,0.5368577983788596,0.27960111275162935,-152.0,-173.3980815347722
834,0.01529147369377279,0.5368577983788596,0.2799092045907039,-154.0,-173.3748502994012
835,0.015215016325303928,0.5247522059444253,0.28020207899423705,-119.0,-173.30980861244018
836,0.015138941243677408,0.5317166577674337,0.2805025743093783,-147.0,-173.27837514934288
837,0.01506324653745902,0.5368577983788596,0.28080848746459247,-157.0,-173.25894988066827
838,0.014987930304771725,0.5368577983788596,0.2811136713870171,-159.0,-173.24195470798568
839,0.014912990653247866,0.5088681654160242,0.2813848076894326,-121.0,-173.1797619047619
840,0.014838425699981627,0.5079042317765111,0.28165415302128405,-152.0,-173.15457788347206
841,0.01476423357148172,0.5368577983788596,0.2819572452366731,-160.0,-173.13895486935866
842,0.014690412403624311,0.5368577983788596,0.2822596183720731,-152.0,-173.1138790035587
843,0.01461696034160619,0.5172496620672639,0.28253804259446075,-120.0,-173.0509478672986
844,0.014543875539898159,0.5057381718567397,0.28280218475926816,-160.0,-173.03550295857988
845,0.014471156162198668,0.5368577983788596,0.28310248690302653,-158.0,-173.0177304964539
846,0.014398800381387675,0.5368577983788596,0.28340207995081385,-158.0,-173.0
847,0.014326806379480736,0.5368577983788596,0.2837009664112243,-165.0,-172.99056603773585
848,0.014255172347583332,0.5307989070535666,0.28399201227770526,-121.0,-172.92932862190813
849,0.014183896485845416,0.5368577983788596,0.2842895014378242,-171.0,-172.92705882352942
850,0.014112977003416188,0.5084080351528876,0.2845528604668666,-128.0,-172.87426556991775
851,0.014042412118399107,0.5366576656786871,0.2848487581255659,-153.0,-172.85093896713616
852,0.013972200057807112,0.5368577983788596,0.28514419662527674,-154.0,-172.82883939038686
853,0.013902339057518077,0.547416878694398,0.2854513074942101,-165.0,-172.81967213114754
854,0.013832827362230486,-0.5039554504627526,0.28452802473636574,-209.0,-172.86198830409356
855,0.013763663225419333,0.5368577983788596,0.2848228025093126,-155.0,-172.84112149532712
856,0.013694844909292236,0.5368577983788596,0.28511689235280097,-155.0,-172.8203033838973
857,0.013626370684745774,0.5368577983788596,0.28541029667217865,-155.0,-172.7995337995338
858,0.013558238831322046,0.5368577983788596,0.28570301786159275,-151.0,-172.77415599534342
859,0.013490447637165436,0.5368577983788596,0.2859950583040547,-149.0,-172.74651162790698
860,0.013422995398979608,0.5368577983788596,0.2862864203715051,-157.0,-172.72822299651568
861,0.01335588042198471,0.5358577983788596,0.28657594633207045,-162.0,-172.71577726218098
862,0.013289101019874787,0.5253586864571294,0.28685263548632894,-122.0,-172.65701042873695
863,0.013222655514775413,0.5368577983788596,0.28714199331375084,-156.0,-172.6377314814815
864,0.013156542237201536,0.5368577983788596,0.28743068210573364,-147.0,-172.60809248554912
865,0.013090759526015528,0.5368577983788596,0.28771870417995205,-149.0,-172.580831408776
866,0.01302530572838545,0.5368577983788596,0.2880060618433879,-147.0,-172.55132641291812
867,0.012960179199743523,0.5442353018533251,0.2883012568203579,-154.0,-172.5299539170507
868,0.012895378303744804,0.5368577983788596,0.28858728276001094,-159.0,-172.5143843498274
869,0.01283090141222608,0.5133682006334293,0.2888456516311298,-117.0,-172.4505747126437
870,0.012766746905164949,0.5212345837778412,0.28911245867148194,-159.0,-172.43513203214695
871,0.012702913170639124,0.5368577983788596,0.28939657029958676,-118.0,-172.37270642201835
872,0.012639398604785928,0.526144404548797,0.28966775911315973,-126.0,-172.31958762886597
873,0.012576201611761997,0.5368577983788596,0.2899505852450427,-155.0,-172.29977116704805
874,0.012513320603703188,0.5022457329905233,0.2901932082710375,-128.0,-172.24914285714286
875,0.012450754000684672,0.5368577983788596,0.2904747888533524,-159.0,-172.2340182648402
876,0.012388500230681249,0.5212345837778412,0.2907379129068581,-155.0,-172.21436716077537
877,0.012326557729527843,0.5088633255670707,0.2909863473176328,-120.0,-172.15489749430523
878,0.012264924940880204,-0.5250057521045163,0.2900580286607248,-209.0,-172.1968145620023
879,0.012203600316175803,-0.48314048404291776,0.28917939398719794,-209.0,-172.23863636363637
880,0.012142582314594924,0.5368577983788596,0.28946052724984456,-204.0,-172.27468785471055
881,0.01208186940302195,0.502447161917855,0.28970200869504636,-126.0,-172.22222222222223
882,0.01202146005600684,0.5368577983788596,0.2899819133266249,-151.0,-172.19818799547
883,0.011961352755726806,0.5235371005657082,0.2902461160271215,-153.0,-172.1764705882353
884,0.01190154599194817,0.5368577983788596,0.29052477329531556,-147.0,-172.14802259887006
885,0.01184203826198843,0.5368577983788596,0.29080280154033084,-154.0,-172.127539503386
886,0.011782828070678488,0.530294648474089,0.291072803622556,-124.0,-172.07328072153325
887,0.011723913930325095,0.5208050351369119,0.29133151109047756,-126.0,-172.0213963963964
888,0.01166529436067347,0.5368577983788596,0.2916076936408582,-162.0,-172.01012373453318
889,0.011606967888870102,0.5045308736295518,0.2918469331689354,-101.0,-171.9303370786517
890,0.01154893304942575,0.5368577983788596,0.29212191730497344,-158.0,-171.91470258136926
891,0.011491188384178622,-0.4928845780358296,0.2912418651801519,-209.0,-171.95627802690584
892,0.011433732442257729,0.5008102665271366,0.29147654424101077,-101.0,-171.8768197088466
893,0.01137656378004644,0.5249677007890025,0.29173772003133286,-164.0,-171.86800894854585
894,0.011319680961146208,0.5206654742677118,0.291993505231597,-103.0,-171.79106145251396
895,0.011263082556340478,-0.5464566668425447,0.29105773495026427,-209.0,-171.83258928571428
896,0.011206767143558775,0.5368577983788596,0.2913317595471746,-160.0,-171.81939799331104
897,0.011150733307840981,0.5368577983788596,0.29160517384431456,-168.0,-171.815144766147
898,0.011094979641301777,0.5437170638529968,0.29188560976201056,-167.0,-171.80978865406007
899,0.011039504743095268,0.5441038350185865,0.29216585223451785,-158.0,-171.79444444444445
900,0.01098430721937979,0.5368577983788596,0.2924374304211375,-165.0,-171.78690344062153
901,0.010929385683282892,0.5100566036203997,0.2926786933626001,-121.0,-171.73059866962305
902,0.010874738754866477,-0.3315503199480307,0.29198740984841337,-209.0,-171.7718715393134
903,0.010820365061092144,0.5368577983788596,0.292258284172009,-158.0,-171.7566371681416
904,0.010766263235786683,0.50511733433039,0.2924934875423498,-98.0,-171.67513812154695
905,0.01071243191960775,0.5368577983788596,0.29276320532473,-120.0,-171.61810154525386
906,0.010658869760009713,0.5368577983788596,0.29303232836007076,-157.0,-171.60198456449834
907,0.010605575411209664,0.5368577983788596,0.2933008586133954,-157.0,-171.58590308370043
908,0.010552547534153616,0.5368577983788596,0.29356879804108016,-153.0,-171.56545654565457
909,0.010499784796482848,0.5368577983788596,0.29383614859090185,-119.0,-171.5076923076923
910,0.010447285872500434,0.5115091092263059,0.2940750870767805,-127.0,-171.45883644346873
911,0.01039504944313793,0.5035618836320431,0.29430478751159983,-120.0,-171.40241228070175
912,0.010343074195922241,0.5368577983788596,0.2945704534599758,-152.0,-171.38116100766703
913,0.01029135882494263,0.5340722771103859,0.29483249046615784,-166.0,-171.37527352297593
914,0.010239902030817916,0.5368577983788596,0.29509699899939573,-159.0,-171.36174863387978
915,0.010188702520663827,0.5368577983788596,0.29536093000308505,-160.0,-171.34934497816593
916,0.010137759008060509,0.5368577983788596,0.2956242853666355,-160.0,-171.3369683751363
917,0.010087070213020206,0.5327854779224,0.2958826308922954,-154.0,-171.31808278867103
918,0.010036634861955105,0.5368577983788596,0.2961448454379826,-157.0,-171.3025027203482
919,0.00998645168764533,0.5368577983788596,0.2964064899520487,-159.0,-171.2891304347826
920,0.00998645168764533,0.5368577983788596,0.29666756629127433,-155.0,-171.271444082519
921,0.00998645168764533,0.5368577983788596,0.2969280763043845,-157.0,-171.25596529284164
922,0.00998645168764533,0.5368577983788596,0.2971880218320925,-151.0,-171.23401950162514
923,0.00998645168764533,0.5368577983788596,0.29744740470714304,-205.0,-171.27056277056278
924,0.00998645168764533,-0.452199683726961,0.2966369754223494,-209.0,-171.31135135135136
925,0.00998645168764533,0.514052627043754,0.2968717655428909,-119.0,-171.2548596112311
926,0.00998645168764533,0.5368577983788596,0.2971306501522069,-158.0,-171.2405609492988
927,0.00998645168764533,0.5368577983788596,0.29738897682055454,-157.0,-171.22521551724137
928,0.00998645168764533,0.5129119068469538,0.29762097136310184,-162.0,-171.21528525296017
929,0.00998645168764533,0.5368577983788596,0.29787821526311875,-161.0,-171.20430107526883
930,0.00998645168764533,0.5461812919351021,0.2981449210382766,-159.0,-171.19119226638023
931,0.00998645168764533,0.5368577983788596,0.29840105073499396,-151.0,-171.1695278969957
932,0.00998645168764533,0.5368577983788596,0.2986566313862735,-160.0,-171.15755627009645
933,0.00998645168764533,0.5368577983788596,0.29891166475564457,-153.0,-171.13811563169165
934,0.00998645168764533,0.5166396828127509,0.29914452894608,-159.0,-171.12513368983957
935,0.00998645168764533,0.5247840243684146,0.29938559678306964,-158.0,-171.11111111111111
936,0.00998645168764533,0.5166396828127509,0.2996174581342219,-159.0,-171.09818569903948
937,0.00998645168764533,-0.5347604530093812,0.2987279294443034,-209.0,-171.13859275053304
938,0.00998645168764533,0.5308428942261745,0.2989751232300136,-155.0,-171.12140575079871
939,0.00998645168764533,0.5101586624135306,0.29919978656957047,-158.0,-171.10744680851064
940,0.00998645168764533,0.5308428942261745,0.29944595352776027,-150.0,-171.08501594048883
941,0.00998645168764533,0.5164502129240045,0.2996763189835949,-119.0,-171.02972399150744
942,0.00998645168764533,0.5308428942261745,0.29992145851195395,-149.0,-171.00636267232238
943,0.00998645168764533,0.5368577983788596,0.30017245039740614,-151.0,-170.98516949152543
944,0.00998645168764533,0.5368577983788596,0.30042291108310076,-151.0,-170.96402116402118
945,0.00998645168764533,0.5368577983788596,0.3006728422536037,-156.0,-170.94820295983087
946,0.00998645168764533,0.5368577983788596,0.30092224558636527,-152.0,-170.92819429778248
947,0.00998645168764533,0.5368577983788596,0.30117112275175817,-152.0,-170.90822784810126
948,0.00998645168764533,0.5122982876605283,0.3013935960551394,-160.0,-170.89673340358272
949,0.00998645168764533,0.5368577983788596,0.30164145311021695,-160.0,-170.88526315789474
950,0.00998645168764533,0.5368577983788596,0.3018887889096582,-148.0,-170.86119873817034
951,0.00998645168764533,0.5180623302454136,0.3021158619572798,-155.0,-170.84453781512605
952,0.00998645168764533,0.5368577983788596,0.3023621808832206,-155.0,-170.82791185729275
953,0.00998645168764533,0.5358577983788596,0.30260693519925375,-152.0,-170.80817610062894
954,0.00998645168764533,0.5368577983788596,0.30285222406122186,-148.0,-170.78429319371728
955,0.00998645168764533,0.5362505730960149,0.30309636459368505,-120.0,-170.73117154811715
956,0.00998645168764533,0.5368577983788596,0.3033406294147772,-151.0,-170.71055381400208
957,0.00998645168764533,0.5368577983788596,0.3035843842884348,-160.0,-170.69937369519832
958,0.00998645168764533,0.5213185364635474,0.30381142719998344,-162.0,-170.6903023983316
959,0.00998645168764533,0.5026626479356151,0.3040185638882497,-122.0,-170.63958333333332
960,0.00998645168764533,0.5368577983788596,0.30426085237367173,-155.0,-170.62330905306973
961,0.00998645168764533,0.5368577983788596,0.30450263714082887,-152.0,-170.6039501039501
962,0.00998645168764533,0.5368577983788596,0.3047439197589369,-154.0,-170.58670820353063
963,0.00998645168764533,0.5368577983788596,0.30498470179070025,-166.0,-170.58195020746888
964,0.00998645168764533,0.5368577983788596,0.305224984792346,-160.0,-170.57098445595855
965,0.00998645168764533,0.5368577983788596,0.30546477031365704,-152.0,-170.55175983436854
966,0.00998645168764533,0.5054406827431933,0.3056715706367486,-155.0,-170.535677352637
967,0.00998645168764533,0.5368577983788596,0.30591039938441605,-146.0,-170.5103305785124
968,0.00998645168764533,0.5368577983788596,0.30614873519349184,-150.0,-170.4891640866873
969,0.00998645168764533,0.5368577983788596,0.3063865795885283,-145.0,-170.46288659793814
970,0.00998645168764533,-0.06472335215083158,0.3060043860439975,-209.0,-170.5025746652935
971,0.00998645168764533,0.5368577983788596,0.30624188955463005,-158.0,-170.4897119341564
972,0.00998645168764533,0.5368577983788596,0.3064789048771626,-149.0,-170.46762589928056
973,0.00998645168764533,0.545493515762216,0.306724299754868,-151.0,-170.4476386036961
974,0.00998645168764533,0.5368577983788596,0.306960334112431,-150.0,-170.42666666666668
975,0.00998645168764533,0.5450446599850175,0.307204272970907,-151.0,-170.40676229508196
976,0.00998645168764533,0.5368577983788596,0.30743933287408814,-149.0,-170.38485158648925
977,0.00998645168764533,0.5368577983788596,0.3076739120821707,-153.0,-170.36707566462167
978,0.00998645168764533,0.5180623302454136,0.30788881342860913,-150.0,-170.34627170582226
979,0.00998645168764533,0.5368577983788596,0.30812245524998694,-145.0,-170.3204081632653
980,0.00998645168764533,0.505662886654018,0.30832382164285543,-153.0,-170.30275229357798
981,0.00998645168764533,0.5308428942261745,0.30855041947644335,-150.0,-170.28207739307535
982,0.00998645168764533,0.5247840243684146,0.30877039262485834,-157.0,-170.26856561546288
983,0.00998645168764533,0.5247840243684146,0.3089899186733782,-157.0,-170.255081300813
984,0.00998645168764533,0.5308428942261745,0.3092151501206399,-145.0,-170.22944162436548
985,0.00998645168764533,0.5247840243684146,0.3094337798105463,-149.0,-170.2079107505071
986,0.00998645168764533,0.5308428942261745,0.3096581051544325,-152.0,-170.18946301925024
987,0.00998645168764533,0.5247840243684146,0.309875843939062,-154.0,-170.17307692307693
988,0.00998645168764533,0.5308428942261745,0.31009926866129367,-155.0,-170.1577350859454
989,0.00998645168764533,0.5348577983788596,0.3103262974791902,-150.0,-170.13737373737374
990,0.00998645168764533,0.5368577983788596,0.31055488627929073,-150.0,-170.117053481332
991,0.00998645168764533,0.5413893113116786,0.31078758227226694,-153.0,-170.09979838709677
992,0.00998645168764533,0.5301156339088621,0.3110084564430993,-162.0,-170.09164149043303
993,0.00998645168764533,0.5166396828127509,0.3112153289042358,-156.0,-170.07746478873239
994,0.00998645168764533,0.5247840243684146,0.3114299708092249,-150.0,-170.0572864321608
995,0.00998645168764533,0.5166396828127509,0.311636004656618,-153.0,-170.04016064257027
996,0.00998645168764533,0.5308428942261745,0.31185587114565466,-151.0,-170.0210631895687
997,0.00998645168764533,0.5247840243684146,0.3120692260086033,-156.0,-170.00701402805612
998,0.00998645168764533,0.5368577983788596,0.3122942395945595,-164.0,-170.00100100100101
999,0.00998645168764533,0.5368577983788596,0.31251880315334374,-166.0,-169.997
